S.No,District,Village Panchayat,School Name,School_id,Category of School,School medium,Pincode,School main area,School located in commerical area,establishment year,Number of Students,Number of Differently abled student,Number of Staff,Number of Classrooms,Number of seats,Number of restrooms,Total School area,Build up area,Extent of land covered by the school,Availabilty of eateries,Availabilty of Mobile eateries,Availabilty of Dining,Availabilty of Hospital,Availabilty of Fire station,Availabilty of Natural tank,Type of Water source,Number of Indian toilets availble for Boys,Number of Indian toilets availble for Girls,Status of the data set collected,Created_date,Modified_date
1,Thiruvallur,Thiruvallur,MUNICIPAL MIDDLE SCHOOL,33010105701,Secondary School,Tamil,602001,Yes,Yes,1940,103,8,8,4,250,2,2500,2000,2500,No,No,Yes,Yes,Yes,No,Own,1,1,Incompleted,10-03-2013,10-03-2013
2,Thiruvallur,Thiruvallur,MUNICIPAL PRIMARY SCHOOL RAJAJI SALAI,33010106101,Primary School,Tamil,602001,Yes,No,1999,87,3,3,4,100,2,2000,2000,2000,Yes,No,No,Yes,Yes,No,Own,1,1,Incompleted,10-03-2013,10-03-2013
3,Thiruvallur,Avadi,AVADI MUNICIPAL PRIMARY SCHOOL,33010505901,Primary School,Tamil,623707,Yes,No,1967,130,0,4,6,5,2,98.17,49.55,98.17,No,No,Yes,No,Yes,No,Own,2,2,Incompleted,10-03-2013,10-03-2013
4,Thiruvallur,Avadi,MUNICIPAL HIGH SCHOOL,33010505902,High School,Tamil,607105,Yes,No,1967,61,2,2,2,0,0,4800,585,4215,No,Yes,Yes,Yes,No,No,Own,2,2,Incompleted,10-03-2013,10-03-2013
5,Thiruvallur,Avadi,AVADI MUNICIPAL PRIMARY SCHOOL,33010506001,Primary School,Tamil,623707,No,Yes,1967,22,0,2,2,0,0,4800,585,4215,No,Yes,Yes,No,Yes,No,Own,2,2,Incompleted,10-03-2013,10-03-2013
6,Thiruvallur,Avadi,AVADI MUNICIPAL MIDDLE SCHOOL,33010506003,Middle School,Tamil,623701,Yes,No,1967,172,3,8,6,220,1,2400,2000,400,No,No,No,No,No,No,Own,2,2,Incompleted,10-03-2013,10-03-2013
7,Thiruvallur,Avadi,MUNICIPAL HIGH SCHOOL AVADI,33010506202,High School,Tamil,630001,Yes,Yes,1967,335,2,18,14,50,2,117000,8702,117000,No,No,Yes,No,No,No,Own,2,2,Incompleted,10-03-2013,10-03-2013
8,Thiruvallur,Avadi,AVADI MUNICIPAL ELEMENTARY SCHOOL,33010507001,Elementary School,Tamil,623701,Yes,No,1967,70,0,3,6,300,0,7800,3800,4000,No,No,Yes,No,Yes,No,Own,2,2,Incompleted,10-03-2013,10-03-2013
9,Thiruvallur,Avadi,AVADI MUNICIPAL PRIMARY SCHOOL,33010507501,Primary School,Tamil,625516,No,No,1967,28,3,2,2,0,3,7200,2400,7200,No,No,Yes,No,No,No,Own,2,2,Incompleted,10-03-2013,10-03-2013
10,Thiruvallur,Avadi,AVADI MUNICIPAL MIDDLE SCHOOL,33010509301,Middle School,Tamil,623707,No,No,1967,255,10,11,11,300,0,8200,7020,1180,No,No,No,No,No,No,Own,2,2,Incompleted,10-03-2013,10-03-2013
11,Thiruvallur,Avadi,AVADI MUNICIPAL MIDDLE SCHOOL,33010509401,Middle School,Tamil,626125,Yes,No,1967,70,3,6,3,0,1,0,0,0,No,No,Yes,Yes,No,No,Own,2,2,Incompleted,10-03-2013,10-03-2013
12,Thiruvallur,Avadi,AVADI MUNICIPAL PRIMARY SCHOOL,33010902902,Primary School,Tamil,623701,No,No,1967,193,1,7,7,0,0,460,303,0,No,No,Yes,No,Yes,No,Own,2,2,Incompleted,10-03-2013,10-03-2013
13,Thiruvallur,Avadi,AVADI MUNICIPAL MIDDLE SCHOOL,33010903201,Middle School,Tamil,625531,Yes,No,1967,268,6,11,10,0,0,33096,25650,0,No,No,Yes,Yes,No,No,Own,2,2,Incompleted,10-03-2013,10-03-2013
14,Thiruvallur,Avadi,AVADI MUNICIPAL PRIMARY SCHOOL,33010903202,Primary School,Tamil,623701,Yes,No,1967,157,8,5,8,8,0,0,5500,5500,No,No,Yes,No,No,No,Own,2,2,Incompleted,10-03-2013,10-03-2013
15,Thiruvallur,Avadi,AVADI MUNICIPAL PRIMARY SCHOOL,33010911907,Primary School,Tamil,600054,No,No,1919,184,2,6,11,0,1,0,0,0,No,No,No,Yes,Yes,No,Corporation,2,2,Incompleted,10-03-2013,10-03-2013
16,Kancheepuram,Kancheepuram,OLI MOHAMAD PET MUNICIPAL MIDDLE SCHOOL,33030105403,Primary School,Tamil,631502,Yes,No,1967,309,12,12,14,0,2,20800,8050,12750,No,No,No,Yes,No,No,Own,2,1,Incompleted,10-03-2013,10-03-2013
17,Kancheepuram,Kancheepuram,K V K NAYAGAR MUNICIPAL MIDDLE SCHOOL,33030105405,Secondary School,Tamil,631502,No,No,1913,90,3,7,7,4,4,753.5,608,145.5,No,No,Yes,No,No,No,Corporation,2,1,Incompleted,10-03-2013,10-03-2013
18,Kancheepuram,Kancheepuram,DHARGA MUSLIM MUNICIPAL PRIMARY SCHOOL,33030105408,Primary School,Tamil,631502,Yes,Yes,1934,46,0,3,3,2,1,234,234,0,Yes,No,Yes,Yes,No,Yes,Corporation,2,1,Incompleted,10-03-2013,10-03-2013
19,Kancheepuram,Kancheepuram,PUDHUPALAYAM MUNICIPAL ELEMENTARY SCHOOL,33030105411,Primary School,Tamil,631501,Yes,No,1934,76,6,4,4,5,0,6019,1800,4219,Yes,No,Yes,Yes,Yes,No,Own,2,3,Incompleted,10-03-2013,10-03-2013
20,Kancheepuram,Kancheepuram,OKKAPIRANTHAN MUNICIPAL MIDDLE SCHOOL,33030105428,Primary School,Tamil,631502,Yes,Yes,1921,107,2,7,6,0,3,1698,1698,0,No,No,No,Yes,Yes,No,Own,0,1,Incompleted,10-03-2013,10-03-2013
21,Kancheepuram,Kancheepuram,YAGASALAI MUNICIPAL MIDDLE SCHOOL,33030105430,Secondary School,Tamil,631501,Yes,Yes,1967,250,2,9,6,150,0,1100,1100,0,Yes,No,Yes,Yes,No,Yes,Corporation,1,1,Incompleted,10-03-2013,10-03-2013
22,Kancheepuram,Kancheepuram,YADHOTHAKARI MUNICIPAL ELEMENTARY SCHOOL,33030105435,Primary School,Tamil,631501,No,No,1939,24,1,2,3,90,0,2200,1600,0,No,No,No,No,No,No,Own,1,1,Incompleted,10-03-2013,10-03-2013
23,Kancheepuram,Kancheepuram,KUPPUSAMY MUNICIPAL ELEMENTARY SCHOOL,33030105459,Primary School,Tamil,631502,Yes,Yes,1967,31,0,2,3,2,0,2375,1775,2375,No,No,Yes,Yes,Yes,Yes,Corporation,3,1,Incompleted,10-03-2013,10-03-2013
24,Kancheepuram,Kancheepuram,PATTALA MUNICIPAL ELEMENTARY SCHOOL,33030105465,Primary School,Tamil,631501,No,Yes,1967,73,2,3,2,153,2,1000,327,373,Yes,No,No,Yes,No,No,Own,1,0,Incompleted,10-03-2013,10-03-2013
25,Kancheepuram,Kancheepuram,E K SANNATHI MUNICIPAL MIDDLE SCHOOL,33030105473,Primary School,Tamil,631501,Yes,No,1919,79,0,5,5,40,6,3487,3487,3487,No,No,No,Yes,Yes,No,Corporation,0,2,Incompleted,10-03-2013,10-03-2013
26,Kancheepuram,Kancheepuram,REDDIPETTAI MUNICIPAL ELEMENTARY SCHOOL,33030105479,Primary School,Tamil,631501,No,No,1967,58,0,3,3,0,3,2500,2500,4500,Yes,No,Yes,Yes,Yes,No,Own,1,1,Incompleted,10-03-2013,10-03-2013
27,Kancheepuram,Kancheepuram,VAIKUNDAM MUNICIPAL MIDDLE SCHOOL,33030105480,Primary School,Tamil,631502,No,No,1968,65,6,4,4,2,2,3000,2000,1000,Yes,No,No,Yes,Yes,Yes,Own,1,1,Incompleted,10-03-2013,10-03-2013
28,Kancheepuram,Chengalpattu,VADAMALAI MIDDLE SCHOOL,33030705214,Primary School,Tamil,603002,No,No,1897,33,1,5,4,130,0,4577,4577,4577,Yes,No,No,Yes,No,No,Corporation,0,1,Incompleted,10-03-2013,10-03-2013
29,Kancheepuram,Chengalpattu,MUNICIPAL PRIMARY SCHOOL,33030705230,Primary School,Tamil,603001,Yes,No,1980,26,5,1,2,0,0,500,2200,2200,Yes,Yes,No,Yes,Yes,Yes,No,3,1,Incompleted,10-03-2013,10-03-2013
30,Kancheepuram,Alandur Mpl,PALLAVARAM MPL MIDDLE SCHOOLKEELKATALAI,33030903105,Primary School,Tamil,600117,No,Yes,1997,330,6,12,9,7,3,2200,1800,2000,No,No,No,No,No,No,Own,1,1,Incompleted,10-03-2013,10-03-2013
31,Kancheepuram,Pallavaram Mpl,MUNICIPAL PRIMARY SCHOOL,33030903207,Primary School,Tamil,600043,Yes,Yes,1932,250,13,12,20,10,10,13475,13000,13475,No,No,No,Yes,Yes,Yes,Own,1,10,Incompleted,10-03-2013,10-03-2013
32,Kancheepuram,Pallavaram Mpl,PALLAVAPURAM MUNICIPAL PRIMARY SCHOOL,33030903212,Primary School,Tamil,600117,No,No,1996,345,0,13,14,10,3,2200,1200,2000,No,No,No,No,No,No,Own,1,2,Incompleted,10-03-2013,10-03-2013
33,Kancheepuram,Pallavaram Mpl,MUNICIPAL HR SEC SCHOOL,33030903213,High School,Tamil,600117,No,No,1981,1033,0,41,25,2,2,0,600,150,No,No,No,Yes,No,No,Own,1,1,Incompleted,10-03-2013,10-03-2013
34,Kancheepuram,Pallavaram Mpl,PALLAVARAM MUNICIPAL ELEMENTARY SCHOOL,33030903221,Primary School,Tamil,600064,No,No,1963,202,0,6,6,4,3,2700,2000,2700,Yes,No,No,No,No,No,Own,1,2,Incompleted,10-03-2013,10-03-2013
35,Kancheepuram,Pallavaram Mpl,MUNICIPAL HRSEC SCHOOL HASTINAPURAM,33030903223,High School,Tamil,600064,Yes,Yes,2011,601,4,26,14,120,0,1400,1200,1200,No,No,No,Yes,Yes,No,Own,10,7,Incompleted,10-03-2013,10-03-2013
36,Kancheepuram,Pallavaram Mpl,P M P SCHOOL ZAMEEN RAYAPETTAI,33030903230,Primary School,Tamil,600044,Yes,No,1924,212,0,7,6,0,0,1850,1050,1850,Yes,No,No,No,No,No,Own,2,1,Incompleted,10-03-2013,10-03-2013
37,Kancheepuram,Pallavaram Mpl,PALLAVAPURAM MUNICIPAL HIGHER SEC SCHOOL,33030903255,High School,Tamil,600044,No,No,2002,537,0,19,10,550,2,4600,1500,3100,No,No,No,No,No,No,Corporation,1,5,Incompleted,10-03-2013,10-03-2013
38,Kancheepuram,Tambaram,MUNICIPAL PRIMARY SCHOOL,33030903330,Primary School,Tamil,600073,No,No,1967,248,9,10,12,10,0,1509,1069,0,No,No,Yes,Yes,No,Yes,Own,2,0,Incompleted,10-03-2013,10-03-2013
39,Kancheepuram,Tambaram,MUNICIPAL HR SEC SCHOOL,33030903331,High School,Tamil,600073,Yes,Yes,1967,0,0,31,25,0,5,0,0,0,No,No,Yes,Yes,No,Yes,No,7,0,Incompleted,10-03-2013,10-03-2013
40,Kancheepuram,Tambaram,MUNICIPAL MIDDLE SCHOOL,33030903336,Primary School,Tamil,600059,Yes,No,1967,64,0,6,4,12,2,22780,6834,726,No,No,No,Yes,No,Yes,Own,1,0,Incompleted,10-03-2013,10-03-2013
41,Kancheepuram,Tambaram,MUNICIPAL MIDDLE SCHOOL,33030903343,Primary School,Tamil,600045,No,No,1967,133,1,7,9,6,2,9080,6000,3080,No,No,Yes,Yes,Yes,Yes,No,5,0,Incompleted,10-03-2013,10-03-2013
42,Kancheepuram,Tambaram,MUNICIPAL PRIMARY SCHOOL,33030903348,Primary School,Tamil,600045,No,Yes,1967,38,0,2,2,0,0,3000,2000,5000,No,No,No,Yes,No,No,No,0,0,Incompleted,10-03-2013,10-03-2013
43,Kancheepuram,Tambaram,TAMBARAM MUNCIPAL MIDDLE SCHOOL,33030903356,Primary School,Tamil,600045,Yes,No,1967,215,0,8,9,0,4,21560,6465,0,No,No,No,Yes,Yes,Yes,No,0,0,Incompleted,10-03-2013,10-03-2013
44,Kancheepuram,Tambaram,GOVT MPL HRSEC SCHOOL,33030903392,High School,Tamil,600045,No,Yes,1967,91,0,9,6,0,0,3860,0,0,No,No,No,Yes,No,No,Own,0,0,Incompleted,10-03-2013,10-03-2013
45,Vellore,Ranipet,MUNICIPAL GIRLS PRIMARY SCHOOL RANIPET,33040600202,Primary School,Tamil,632401,Yes,No,1903,10,0,2,1,15,0,1000,600,0,No,No,No,Yes,Yes,Yes,Own,0,0,Incompleted,10-03-2013,10-03-2013
46,Vellore,Ranipet,MUNICIPAL MIDDLE SCHOOL KARAI,33040600208,Secondary School,Tamil,632401,No,No,1977,100,0,6,6,24,8,12.8,105.7,0,No,No,No,Yes,Yes,Yes,Own,0,4,Incompleted,10-03-2013,10-03-2013
47,Vellore,Ranipet,MUNICIPAL MIDDLE SCHOOL SRINIVASANPET,33040600209,Secondary School,Tamil,632402,No,No,1935,183,2,7,7,200,0,1180,0,0,No,No,No,No,Yes,No,No,0,1,Incompleted,10-03-2013,10-03-2013
48,Vellore,Walajapet,MUNICIPAL MARKET MIDDLE SCHOOL,33040600301,Secondary School,Tamil,632513,Yes,Yes,1935,412,12,14,9,0,3,12880,7323,12880,No,No,No,Yes,Yes,No,Own,0,4,Incompleted,10-03-2013,10-03-2013
49,Vellore,Walajapet,MUNICIPAL CENTRAL PRIMARY SCHOOL,33040600302,Primary School,Tamil,632513,Yes,Yes,1939,84,0,5,8,16,2,6000,4769,6000,No,No,No,Yes,Yes,No,Own,0,1,Incompleted,10-03-2013,10-03-2013
50,Vellore,Walajapet,MUNICIPAL MIXED MIDDLE SCHOOL,33040600305,Secondary School,Tamil,632513,Yes,No,1967,277,7,8,10,10,1,7339,7339,12515,No,No,No,Yes,Yes,No,Own,1,1,Incompleted,10-03-2013,10-03-2013
51,Vellore,Vellore,MUNICIPAL PRIMARY SCHOOL,33041000101,Primary School,Tamil,632004,No,No,1966,23,1,2,2,0,0,1120,1120,1120,No,No,No,No,No,No,Own,4,0,Incompleted,10-03-2013,10-03-2013
52,Vellore,Vellore,CORPORATION PRIMARY SCHOOL,33041000102,Primary School,Tamil,632001,No,No,1931,55,0,2,4,55,0,7645,6000,1645,No,No,Yes,Yes,Yes,Yes,No,1,1,Incompleted,10-03-2013,10-03-2013
53,Vellore,Vellore,MUPS ARUGANTHAMPOONDI,33041000103,Primary School,Tamil,632004,No,No,1940,25,0,2,2,0,2,10500,2200,0,No,No,Yes,No,No,No,Own,3,1,Incompleted,10-03-2013,10-03-2013
54,Vellore,Vellore,MPS BATTAI STREET,33041000104,Primary School,Tamil,632001,No,No,1961,48,3,3,4,0,0,2750,2000,0,Yes,No,Yes,Yes,Yes,Yes,Own,1,0,Incompleted,10-03-2013,10-03-2013
55,Vellore,Vellore,MUNICIPAL MIDDLE SCHOOL,33041000105,Secondary School,Tamil,632001,Yes,No,1972,188,0,10,8,27,0,3700,3200,0,Yes,No,No,Yes,No,No,Own,1,3,Incompleted,10-03-2013,10-03-2013
56,Vellore,Vellore,CHINNANNAN MEISTRI STREET,33041000106,Primary School,Tamil,632001,Yes,No,1963,24,0,2,1,20,0,0,0,0,Yes,Yes,No,Yes,Yes,No,Own,0,0,Incompleted,10-03-2013,10-03-2013
57,Vellore,Vellore,MMS EDA STREET SAIDAPET,33041000107,Secondary School,Tamil,632012,No,Yes,1965,289,0,9,9,0,0,8200,0,0,Yes,Yes,No,Yes,Yes,No,Own,1,1,Incompleted,10-03-2013,10-03-2013
58,Vellore,Vellore,MMS ETTIAMMAN KOIL STREET,33041000108,Secondary School,Tamil,632004,No,Yes,1923,273,7,10,8,0,0,6000,4800,0,No,No,No,Yes,No,No,Corporation,1,2,Incompleted,10-03-2013,10-03-2013
59,Vellore,Vellore,MUNICIPAL PRIMARY SCHOOL,33041000111,Primary School,Tamil,632001,Yes,No,1941,25,0,1,6,180,0,4930,1384,4930,No,No,No,Yes,Yes,No,No,0,1,Incompleted,10-03-2013,10-03-2013
60,Vellore,Vellore,MUNICIPAL PRIMARY SCHOOL,33041000112,Primary School,Tamil,632001,No,No,1982,22,3,2,1,60,1,3740,3000,0,No,No,No,Yes,Yes,No,No,3,1,Incompleted,10-03-2013,10-03-2013
61,Vellore,Vellore,MUNICIPAL PRIMARY SCHOOL,33041000113,Primary School,Tamil,632004,No,Yes,1951,18,1,2,2,0,6,4662,2600,2062,No,No,No,Yes,Yes,No,No,0,0,Incompleted,10-03-2013,10-03-2013
62,Vellore,Vellore,CORP MIDDLE SCHOOL,33041000114,Secondary School,Tamil,632012,No,Yes,1972,149,1,8,10,250,0,6959,4962,0,No,No,No,Yes,No,Yes,No,1,0,Incompleted,10-03-2013,10-03-2013
63,Vellore,Vellore,MUNICIPAL PRIMARY SCHOOL,33041000116,Primary School,Tamil,632001,Yes,No,1965,29,0,2,4,120,1,3000,2800,200,Yes,No,No,Yes,Yes,No,Own,1,1,Incompleted,10-03-2013,10-03-2013
64,Vellore,Vellore,MUNICIPAL SCHOOL PM CHETTY STREET,33041000117,Primary School,Tamil,606612,No,No,1967,38,0,1,2,2,0,420,0,0,No,No,No,Yes,No,No,Own,1,0,Incompleted,10-03-2013,10-03-2013
65,Vellore,Vellore,MPL ELEMENTRY SCHOOL,33041000118,Primary School,Tamil,632012,No,No,1940,65,3,3,3,3,0,7200,4000,5200,Yes,Yes,No,No,No,No,No,1,3,Incompleted,10-03-2013,10-03-2013
66,Vellore,Vellore,MPS SALAVANPET VELLORE,33041000121,Primary School,Tamil,632001,No,No,1965,72,1,2,5,0,5,10825,8660,10925,Yes,Yes,Yes,Yes,No,Yes,Corporation,0,2,Incompleted,10-03-2013,10-03-2013
67,Vellore,Vellore,MUNICIPAL PRIMARY SCHOOL,33041000123,Primary School,Tamil,632004,Yes,Yes,1967,12,0,2,2,25,2,2100,950,2100,No,No,No,Yes,No,No,No,0,1,Incompleted,10-03-2013,10-03-2013
68,Vellore,Vellore,MPS THANDAVARAYAN SCHOOL,33041000124,Primary School,Tamil,632001,Yes,No,1941,25,2,1,2,0,0,1932,0,0,No,No,No,Yes,No,No,No,1,0,Incompleted,10-03-2013,10-03-2013
69,Vellore,Vellore,MUNICIPAL PRIMARY SCHOOL,33041000125,Primary School,Tamil,632004,No,No,1967,30,1,1,2,30,0,6021,1710,0,No,No,No,Yes,No,No,Own,0,1,Incompleted,10-03-2013,10-03-2013
70,Vellore,Vellore,MUNICIPAL MIDDLE SCHOOL,33041000126,Secondary School,Tamil,632012,Yes,Yes,1941,247,8,10,9,243,0,19000,17000,2000,Yes,No,No,Yes,Yes,Yes,Own,1,0,Incompleted,10-03-2013,10-03-2013
71,Vellore,Vellore,MUNICIPAL MIDDLE SCHOOL KALASPALAYAM,33041000127,Secondary School,Tamil,632001,Yes,No,1931,156,3,7,6,200,6,2400,2400,2400,Yes,Yes,Yes,Yes,Yes,No,Own,2,2,Incompleted,10-03-2013,10-03-2013
72,Vellore,Vellore,CORPORATION MIDDLE SCHOOL,33041000128,Secondary School,Tamil,632004,No,No,1923,264,4,10,9,0,0,7864,4250,0,Yes,No,No,Yes,Yes,No,Own,0,2,Incompleted,10-03-2013,10-03-2013
73,Vellore,Vellore,MPL MUSLIM GIRLS PRY SCHOOL,33041000129,Secondary School,Tamil,632001,No,No,1939,65,3,3,3,100,0,4425,2200,0,Yes,No,No,Yes,No,Yes,Corporation,0,0,Incompleted,10-03-2013,10-03-2013
74,Vellore,Vellore,MUNICIPAL URDU PRIMARY SCHOOL,33041000130,Primary School,Tamil,632001,No,No,1968,30,2,3,3,85,0,8250,5800,2450,No,No,No,Yes,Yes,No,Own,1,1,Incompleted,10-03-2013,10-03-2013
75,Vellore,Vellore,MUNICIPAL URDU PRIMARY SCHOOL,33041000132,Primary School,Tamil,632004,Yes,Yes,1967,64,0,4,1,6,0,224,1120,0,No,No,No,Yes,No,No,No,0,0,Incompleted,10-03-2013,10-03-2013
76,Vellore,Vellore,MUNICIPAL URDU PRIMARY SCHOOL,33041000133,Primary School,Tamil,632001,No,No,1962,134,0,6,5,0,0,2400,1700,0,No,No,No,No,No,No,Corporation,1,0,Incompleted,10-03-2013,10-03-2013
77,Vellore,Vellore,MUNICIPAL URDU PRIMARY SCHOOL,33041000134,Primary School,Tamil,632012,Yes,Yes,1962,49,0,3,3,0,0,2540,1500,1040,No,No,No,Yes,No,No,Own,2,2,Incompleted,10-03-2013,10-03-2013
78,Vellore,Vellore,MUNICIPAL HIGH SCHOOL,33041000138,High School,Tamil,632001,Yes,Yes,1940,31,1,5,5,200,1,2023,722,12023,No,No,No,Yes,Yes,No,Own,0,2,Incompleted,10-03-2013,10-03-2013
79,Vellore,Vellore,MUNICIPAL HIGH SCHOOL,33041000141,Secondary School,Tamil,632001,No,No,1965,446,0,21,15,70,0,16780,13180,0,No,No,No,Yes,Yes,No,Own,1,2,Incompleted,10-03-2013,10-03-2013
80,Vellore,Vellore,THOTTAPALAYAM GIRLS HR SEC SCHOOL,33041000142,High School,Tamil,632004,No,No,1949,1556,1,54,34,1500,10,817,817,817,Yes,Yes,No,Yes,No,Yes,Own,0,10,Incompleted,10-03-2013,10-03-2013
81,Vellore,Gudiyatham,MUNICIPAL ELEMENTARY SCHOOL,33041505102,Primary School,Tamil,632602,Yes,No,1961,64,3,3,5,80,0,7489,3990,3499,Yes,No,No,Yes,Yes,No,Corporation,0,1,Incompleted,10-03-2013,10-03-2013
82,Vellore,Gudiyatham,MUNICIPAL URDU BOYS ELEMENTARY SCHOOL,33041505104,Primary School,Tamil,632602,Yes,No,1930,25,0,3,3,70,0,2280,2280,0,Yes,No,Yes,Yes,Yes,Yes,Corporation,0,0,Incompleted,10-03-2013,10-03-2013
83,Vellore,Gudiyatham,MUNICIPAL ELEMENTARY SCHOOL,33041505107,Primary School,Tamil,632602,Yes,No,1940,70,5,3,3,90,0,7844,3391,4453,Yes,No,No,Yes,Yes,No,Corporation,2,1,Incompleted,10-03-2013,10-03-2013
84,Vellore,Gudiyatham,MUNICIPAL MUSLIM BOYS ELEMENTARY SCHOOL,33041505108,Primary School,Tamil,632602,No,No,1940,40,0,3,3,50,0,5572,1928,3644,Yes,No,No,Yes,Yes,No,Corporation,2,0,Incompleted,10-03-2013,10-03-2013
85,Vellore,Gudiyatham,MUNICIPAL MUSLIM GIRLS ELEMENTARY SCHOOL,33041505109,Primary School,Tamil,632602,Yes,No,1940,50,0,3,2,60,0,7782,2748,5034,Yes,No,Yes,Yes,Yes,Yes,Corporation,0,1,Incompleted,10-03-2013,10-03-2013
86,Vellore,Gudiyatham,MUNICIPAL ELEMENTARY SCHOOL,33041505122,Primary School,Tamil,632602,Yes,No,1939,52,1,2,1,125,3,250,1032,0,Yes,No,Yes,No,No,No,Corporation,1,1,Incompleted,10-03-2013,10-03-2013
87,Vellore,Gudiyatham,MUNICIPAL ELEMENTARY SHOOL,33041505147,Primary School,Tamil,632602,No,No,1940,63,6,4,4,7,0,5800,3812,1988,Yes,No,Yes,Yes,Yes,Yes,Corporation,1,1,Incompleted,10-03-2013,10-03-2013
88,Vellore,Gudiyatham,MUNICIPAL MUSLIM BOYS ELEMENTARY SCHOOL,33041505148,Primary School,Tamil,632602,No,No,1940,37,0,2,1,45,0,11360,1987,9381,Yes,No,No,Yes,Yes,Yes,Corporation,1,0,Incompleted,10-03-2013,10-03-2013
89,Vellore,Gudiyatham,MUNICIPAL GIRLS ELE SCHOOL,33041505149,Primary School,Tamil,632602,No,No,1954,59,0,3,2,60,0,11368,2051,9317,Yes,No,No,Yes,Yes,Yes,Corporation,1,1,Incompleted,10-03-2013,10-03-2013
90,Vellore,Agaram,MUNICIPAL PRIMARY SCHOOL,33041703401,Primary School,Tamil,632002,No,Yes,1967,21,0,2,2,15,4,4800,1480,4800,No,No,No,Yes,Yes,No,No,0,0,Incompleted,10-03-2013,10-03-2013
91,Vellore,Vaniyambadi,MMGM SCHOOL FORT VANIYAMBADI,33041901516,High School,Tamil,635751,Yes,No,1933,158,1,8,8,160,2,4500,1489,4500,Yes,No,No,Yes,No,Yes,Own,1,1,Incompleted,10-03-2013,10-03-2013
92,Vellore,Vadakkupattu,MMGM SCHOOL KHADERPET VNB,33041901517,High School,English,635751,Yes,Yes,1967,295,4,9,7,300,0,9890,0,0,No,No,No,Yes,Yes,No,No,1,5,Incompleted,10-03-2013,10-03-2013
93,Vellore,Vadakkupattu,MUNICIPAL MUSLIM BOYS PRIMARY SCHOOL,33041901522,Primary School,Tamil,635751,No,No,1952,21,0,3,5,6,0,1700,1700,1700,No,No,No,Yes,No,No,Own,1,0,Incompleted,10-03-2013,10-03-2013
94,Vellore,Vadakkupattu,MUNICIPAL MIDDLE SCHOOL KONAMEDU,33041901523,Secondary School,Tamil,635751,Yes,Yes,1967,212,6,10,8,0,0,6691,0,6691,Yes,No,Yes,Yes,No,Yes,Own,0,1,Incompleted,10-03-2013,10-03-2013
95,Vellore,Vaniyambadi,MUSLIM BOYS MIDDLE SHOOL,33041901524,High School,English,635751,Yes,No,1940,0,0,14,13,16,0,34000,0,4800,No,No,No,Yes,Yes,No,Own,0,1,Incompleted,10-03-2013,10-03-2013
96,Vellore,Vadakkupattu,MUNICIPAL HINDU PUDUR,33041901525,Primary School,Tamil,635752,Yes,No,1941,130,0,6,6,0,1,0,6563,17137,No,No,No,Yes,Yes,Yes,Own,0,1,Incompleted,10-03-2013,10-03-2013
97,Vellore,Natrampalli,MUNICIPAL HINDU MIDDLE SCHOOL PERIYAPET,33041902901,High School,Tamil,635751,No,No,1948,130,2,6,10,0,8,7540,0,0,No,No,No,Yes,Yes,Yes,Own,0,2,Incompleted,10-03-2013,10-03-2013
98,Vellore,Tirupattur,ARIGNAR ANNA MUNICIPAL SCHOOL,33042102001,Primary School,Tamil,635601,No,No,1968,67,1,2,7,10,3,6340,4030,0,Yes,No,Yes,No,No,No,Corporation,1,1,Incompleted,10-03-2013,10-03-2013
99,Vellore,Tirupattur,CKS MANI MUNICIPAL PRIMARY SCHOOL,33042102002,Primary School,Tamil,635601,Yes,No,1960,23,2,2,6,0,3,7975,2667,0,Yes,Yes,Yes,Yes,Yes,No,Corporation,1,1,Incompleted,10-03-2013,10-03-2013
100,Vellore,Tirupattur,MUNIPAL PRIMARY SCHOOL SRI RAMNILAYAM,33042102003,Primary School,Tamil,635601,No,Yes,1946,23,0,2,3,0,2,1450,0,0,No,No,Yes,Yes,No,No,Corporation,1,0,Incompleted,10-03-2013,10-03-2013
101,Vellore,Tirupattur,MUNICIPAL PRIMARY SCHOOL GOMTHAMPET,33042102004,Primary School,Tamil,635601,Yes,No,1940,63,1,2,4,45,0,1605,1605,1605,No,No,Yes,No,No,No,No,1,1,Incompleted,10-03-2013,10-03-2013
102,Vellore,Tirupattur,MUNICIPAL PRIMARY SCHOOL,33042102005,Primary School,Tamil,635601,No,No,1932,53,0,2,5,7,3,2400,0,0,No,No,Yes,Yes,Yes,No,No,6,1,Incompleted,10-03-2013,10-03-2013
103,Vellore,Tirupattur,MUNICIPAL OLD MUSLIM BOYS MIDDLE SCHOOL,33042102007,Primary School,Tamil,635601,No,Yes,1940,198,4,8,6,11,2,312,312,0,No,No,No,No,No,Yes,Corporation,1,0,Incompleted,10-03-2013,10-03-2013
104,Vellore,Tirupattur,MPL OLD MUSLIM GRILS MIDDLE SCHOOL,33042102008,Secondary School,Tamil,635601,No,No,1938,177,1,7,6,12,0,373,373,0,No,No,No,No,No,Yes,Own,1,1,Incompleted,10-03-2013,10-03-2013
105,Vellore,Tirupattur,MUNICIPAL URDU ELE SCHOOL,33042102010,Primary School,Tamil,635601,Yes,Yes,1926,12,0,2,2,10,2,1000,1000,0,No,No,No,No,No,Yes,Own,1,0,Incompleted,10-03-2013,10-03-2013
106,Vellore,Tirupattur,V S V MUNICIPAL ELEMENTARY SCHOOL,33042102011,Primary School,Tamil,635601,Yes,No,1926,40,0,2,10,0,0,23927,0,0,No,No,Yes,No,Yes,Yes,Own,1,1,Incompleted,10-03-2013,10-03-2013
107,Salem,Idappadi,MUNICIPAL PRIMARY SCHOOL,33081200901,Primary School,Tamil,637101,Yes,No,1961,36,2,2,2,2,1,2852,1008,0,Yes,No,Yes,Yes,Yes,Yes,Corporation,1,1,Incompleted,10-03-2013,10-03-2013
108,Salem,Idappadi,MUNICIPAL PRIMARY SCHOOL,33081200902,Primary School,Tamil,637101,Yes,Yes,1968,146,3,5,4,0,0,3600,2900,700,No,No,No,Yes,No,No,No,1,1,Incompleted,10-03-2013,10-03-2013
109,Salem,Idappadi,MUNICIPAL ELEMENTARY SCHOOL,33081200903,Primary School,Tamil,637101,No,No,1988,35,0,2,2,72,0,9100,9100,9100,Yes,No,Yes,Yes,Yes,Yes,Corporation,0,1,Incompleted,10-03-2013,10-03-2013
110,Salem,Idappadi,MUNICIPAL ELEMENTARY SCHOOL,33081200904,Primary School,Tamil,637101,No,No,1962,48,0,3,4,3,0,1760,1700,0,Yes,No,Yes,Yes,Yes,Yes,Corporation,1,1,Incompleted,10-03-2013,10-03-2013
111,Salem,Idappadi,MUNICIPAL PRIMARY SCHOOL,33081200905,Primary School,Tamil,637101,Yes,No,1962,46,2,3,2,80,0,7718,1380,6338,Yes,No,Yes,Yes,Yes,Yes,Corporation,1,1,Incompleted,10-03-2013,10-03-2013
112,Salem,Idappadi,MUNICIPAL PRIMARY SCHOOL,33081200906,Primary School,Tamil,637101,Yes,No,1940,46,2,3,2,80,0,7718,1380,6338,Yes,No,Yes,Yes,Yes,Yes,Corporation,0,1,Incompleted,10-03-2013,10-03-2013
113,Salem,Idappadi,MUNICIPAL MIDDLE SCHOOL,33081201002,Secondary School,Tamil,637101,Yes,No,1941,400,5,11,8,12,0,4500,3213,3213,Yes,Yes,No,Yes,Yes,Yes,Own,1,4,Incompleted,10-03-2013,10-03-2013
114,Salem,Idappadi,MUNICIPAL PRIMARY SCHOOL,33081201003,Primary School,Tamil,637101,Yes,Yes,1988,115,12,4,7,400,0,8208,4000,4092,No,No,No,Yes,Yes,Yes,Corporation,1,2,Incompleted,10-03-2013,10-03-2013
115,Salem,Idappadi,MUNICIPAL PRIMARY SCHOOL,33081201004,Primary School,Tamil,637101,Yes,No,1973,177,3,6,4,0,0,4340,3840,0,No,No,No,No,No,No,No,1,1,Incompleted,10-03-2013,10-03-2013
116,Salem,Idappadi,MUNICIPAL ELEMENTARY SCHOOL,33081201101,Primary School,Tamil,637101,No,No,1940,89,4,5,5,5,0,2250,0,0,No,No,No,Yes,Yes,No,Corporation,1,1,Incompleted,10-03-2013,10-03-2013
117,Salem,Idappadi,MUNICIPAL MIDDLE SCHOOL,33081201102,Secondary School,Tamil,637101,No,No,1963,271,0,8,6,10,0,43500,12980,0,No,No,No,Yes,Yes,No,Corporation,1,0,Incompleted,10-03-2013,10-03-2013
118,Salem,Idappadi,MUNICIPAL ELEMENTARY SCHOOL,33081201103,Primary School,Tamil,637105,Yes,No,1962,54,0,2,2,2,1,2160,2160,2160,Yes,Yes,Yes,No,No,No,Corporation,4,0,Incompleted,10-03-2013,10-03-2013
119,Salem,Idappadi,MUNICIPAL PRIMARY SCHOOL,33081201203,Primary School,Tamil,637105,Yes,Yes,1970,117,0,6,6,0,0,3648,3648,0,No,No,No,Yes,Yes,No,Own,2,1,Incompleted,10-03-2013,10-03-2013
120,Salem,Attur,MUNICIPAL ELEMENTARY SCHOOL CHANDRAGIRI,33081302303,Primary School,Tamil,636102,Yes,No,1975,26,0,2,2,2,0,820,820,820,Yes,No,Yes,Yes,No,Yes,Corporation,1,0,Incompleted,10-03-2013,10-03-2013
121,Salem,Attur,MUNICIPAL ELEMENTARY SCHOOL THERKKUKADU,33081302308,Primary School,Tamil,636141,No,No,1946,52,1,2,2,4,0,3530,1877,0,Yes,No,No,Yes,Yes,Yes,Corporation,0,1,Incompleted,10-03-2013,10-03-2013
122,Salem,Attur,MUNICIPAL MIDDLE SCHOOL MULLIVADI ATTUR,33081302314,Secondary School,Tamil,636141,No,No,1986,191,4,9,10,2,1,19090,6487,19090,Yes,No,Yes,Yes,Yes,Yes,Own,0,2,Incompleted,10-03-2013,10-03-2013
123,Salem,Mettur Municipality,KUMARAN NAGAR,33081501401,Primary School,Tamil,636401,No,No,1962,25,4,2,4,0,0,26800,3000,21500,Yes,Yes,Yes,Yes,No,Yes,Corporation,0,3,Incompleted,10-03-2013,10-03-2013
124,Salem,Mettur Municipality,PONNAGAR,33081501402,Primary School,Tamil,636401,Yes,No,1967,26,1,1,8,120,1,4800,2000,2800,No,No,Yes,Yes,Yes,Yes,Corporation,1,2,Incompleted,10-03-2013,10-03-2013
125,Salem,Mettur Municipality,THOKKANAMPATTY,33081501408,Primary School,Tamil,636401,Yes,Yes,1964,26,7,2,4,12,0,5,1.5,0,No,No,No,Yes,No,Yes,Corporation,0,3,Incompleted,10-03-2013,10-03-2013
126,Salem,Mettur Municipality,THANGAMAPURI PATTINAM,33081501419,Primary School,Tamil,636402,No,No,1913,0,1,2,10,0,4,21366,4200,17166,No,No,Yes,No,No,No,Corporation,1,1,Incompleted,10-03-2013,10-03-2013
127,Namakkal,Namakkal,MUNICIPAL ELEMENTY SCHOOL,33090100402,Primary School,Tamil,637001,Yes,No,1925,294,1,10,17,0,1,0,405,0,Yes,No,Yes,No,No,No,Corporation,1,2,Incompleted,10-03-2013,10-03-2013
128,Namakkal,Namakkal,MUNICIPAL URUDU PRIMARY SCHOOL,33090100403,Primary School,Tamil,637001,Yes,Yes,1948,22,1,3,2,11,0,0,200,0,No,No,Yes,Yes,No,Yes,Corporation,3,1,Incompleted,10-03-2013,10-03-2013
129,Namakkal,Vettambadi,MUNICIPAL MIDDLE SCHOOL,33090100414,Primary School,Tamil,637001,No,No,1981,158,2,8,8,44,0,11327,5827,11327,No,No,No,Yes,No,No,Corporation,2,2,Incompleted,10-03-2013,10-03-2013
130,Namakkal,Namakkal,MUNICIPAL HIGH SCHOOL FORT,33090100420,Secondary School,Tamil,637001,Yes,Yes,1959,844,11,29,20,211,2,38370,31370,7000,Yes,No,No,Yes,No,No,Corporation,3,11,Incompleted,10-03-2013,10-03-2013
131,Namakkal,Rasipuram,MUNICIPAL ELEMENTARY SCHOOL ANNASALAI,33090700401,Primary School,Tamil,637408,Yes,Yes,1975,104,0,4,4,0,0,2500,2000,500,Yes,No,No,Yes,Yes,Yes,Corporation,2,2,Incompleted,10-03-2013,10-03-2013
132,Namakkal,Rasipuram,MUNICIPAL ELEMENTARY SCHOOL PACHI STREET,33090700403,Primary School,Tamil,637408,No,Yes,1985,35,2,2,4,0,0,2016,1947,69,No,No,Yes,Yes,Yes,No,Corporation,2,1,Incompleted,10-03-2013,10-03-2013
133,Namakkal,Rasipuram,MUNICIPAL MIDDLE SCHOOL KATTUR,33090700406,Secondary School,Tamil,637408,No,No,1975,103,0,7,6,0,0,10500,4802,5698,No,No,No,No,No,No,Corporation,1,1,Incompleted,10-03-2013,10-03-2013
134,Namakkal,Tiruchengode,MUNICIPAL PRIMARY SCHOOL SENGODAMPALYAM,33091000701,Primary School,Tamil,637209,No,No,1945,58,1,3,4,0,0,1400,900,1400,No,No,No,No,No,No,Corporation,1,1,Incompleted,10-03-2013,10-03-2013
135,Namakkal,Tiruchengode,MUNICIPAL MIDDLE SCHOOL SEETHARAMPALAYAM,33091001502,Primary School,Tamil,637209,Yes,Yes,1975,138,1,8,7,210,3,9800,4900,0,Yes,Yes,Yes,Yes,Yes,No,Own,3,1,Incompleted,10-03-2013,10-03-2013
136,Namakkal,Tiruchengode,MUNICIPAL MIDDLE SCHOOL MALAIYADIVARAM,33091001601,Primary School,Tamil,637211,Yes,Yes,1980,169,11,10,11,60,5,4200,4200,6880,Yes,No,No,Yes,Yes,No,No,2,2,Incompleted,10-03-2013,10-03-2013
137,Namakkal,Tiruchengode,MUNICIPAL PRIMARY SCHOOL CHINNAPAVADI,33091001602,Primary School,Tamil,637211,No,No,1978,108,5,5,7,320,1,6400,1060,5340,No,No,No,No,No,No,Corporation,1,2,Incompleted,10-03-2013,10-03-2013
138,Namakkal,Tiruchengode,MUNICIPAL MIDDLE SCHOOL SANARPALAYAM,33091001604,Primary School,Tamil,637209,No,No,1953,240,5,9,8,0,0,13650,1326,10924,No,No,No,Yes,No,No,Own,1,2,Incompleted,10-03-2013,10-03-2013
139,Namakkal,Tiruchengode,MUNICIPAL MIDDLE SCHOOL SURIYAMPALAYAM,33091001605,Primary School,Tamil,637209,Yes,Yes,1961,266,1,11,9,70,0,20680,16360,4000,No,No,No,No,No,No,Own,1,1,Incompleted,10-03-2013,10-03-2013
140,Namakkal,Tiruchengode,MUNICIPAL PRIMARY SCHOOL SATTAIYAMPUDUR,33091001607,Primary School,Tamil,637211,No,No,1987,126,2,5,10,600,4,27300,12000,27300,No,No,No,Yes,Yes,No,Own,0,2,Incompleted,10-03-2013,10-03-2013
141,Namakkal,Tiruchengode,MUNICIPAL MIDDLE SCHOOL KOTTAPALLI,33091001610,Primary School,Tamil,637214,No,No,1975,176,7,8,8,250,1,7158,3320,3838,No,No,No,No,No,No,Own,1,4,Incompleted,10-03-2013,10-03-2013
142,Namakkal,Tiruchengode,MUNICIPAL MIDDLE SCHOOL T KOLLAPATTI,33091001611,Primary School,Tamil,637214,Yes,No,1952,141,2,7,8,36,3,7508,4028,3480,No,No,Yes,Yes,Yes,Yes,Own,1,1,Incompleted,10-03-2013,10-03-2013
143,Namakkal,Pallipalayam,MUNICIPAL MIDDLE SCHOOL CNP,33091100104,Primary School,Tamil,638183,Yes,No,1986,624,0,17,21,0,0,21500,5145,16355,Yes,No,No,Yes,Yes,Yes,Own,1,4,Incompleted,10-03-2013,10-03-2013
144,Namakkal,Pallipalayam,MUNICIPAL MIDDLE SCHOOL,33091100106,Secondary School,Tamil,638183,No,Yes,2006,371,1,12,13,0,0,7500,5226,2274,No,No,No,Yes,No,No,Own,1,2,Incompleted,10-03-2013,10-03-2013
145,Namakkal,Komarapalayam,MUNICIPAL ELEMENTARY SCHOOL,33091100109,Primary School,Tamil,638183,No,No,1967,139,3,6,6,0,0,1850,1850,0,No,No,Yes,Yes,No,No,Own,1,1,Incompleted,10-03-2013,10-03-2013
146,Namakkal,Komarapalayam,MUNICIPAL MIDDLE SCHOOL,33091100111,Secondary School,Tamil,638183,No,No,1900,464,12,16,13,0,0,13732,6957,0,No,No,No,No,No,No,Own,3,0,Incompleted,10-03-2013,10-03-2013
147,Namakkal,Komarapalayam,MUNICIPAL ELEMENTARY SCHOOL,33091100112,Primary School,Tamil,638183,No,Yes,2012,135,1,6,6,3,0,14000,9000,5000,No,No,Yes,Yes,No,No,Own,0,2,Incompleted,10-03-2013,10-03-2013
148,Namakkal,Komarapalayam,MUNICIPAL ELEMENTARY SCHOOL,33091100127,Primary School,Tamil,638183,No,No,1975,42,4,2,2,0,0,5500,1500,4000,No,No,Yes,Yes,No,No,Own,4,1,Incompleted,10-03-2013,10-03-2013
149,Namakkal,Komarapalayam,M E SCHOOL JKK SUNDARAM NAGAR,33091100128,Primary School,Tamil,638183,No,No,1967,234,0,8,10,30,4,6575,4460,2115,No,No,No,No,No,Yes,No,0,1,Incompleted,10-03-2013,10-03-2013
150,Erode,Bhavani,MUNICIPAL MIDDLE SCHOOL,33100301801,Primary School,Tamil,638301,No,Yes,1924,182,1,6,8,45,0,1561,506,0,Yes,No,Yes,Yes,Yes,Yes,Own,1,2,Incompleted,10-03-2013,10-03-2013
151,Erode,Bhavani,MUNICIPAL MIDDLE SCHOOL,33100301803,Primary School,Tamil,638302,No,No,1959,218,0,9,10,20,0,12000,10000,10000,No,No,No,Yes,Yes,Yes,Own,0,2,Incompleted,10-03-2013,10-03-2013
152,Erode,Bhavani,MUNICIPAL PRIMARY SCHOOL,33100301805,Primary School,Tamil,638301,No,No,1999,144,0,7,7,0,3,9600,5800,3800,No,No,No,Yes,Yes,Yes,Own,2,1,Incompleted,10-03-2013,10-03-2013
153,Erode,Bhavani,MUNICIPAL PRIMARY SCHOOL,33100301807,Primary School,Tamil,638301,Yes,Yes,1952,79,3,3,4,2,0,330,0,0,Yes,No,Yes,Yes,No,Yes,No,1,1,Completed,10-03-2013,10-03-2013
154,Erode,Bhavani,MUNICIPAL MIDDLE SCHOOL,33100301809,Primary School,Tamil,638301,No,Yes,1942,426,13,15,12,25,0,4104,4104,0,No,No,No,Yes,Yes,No,Own,1,1,Completed,10-03-2013,10-03-2013
155,Thiruppur,Dharapuram,MUNICIPAL MIDDLE SCHOOL,33100600502,Secondary School,Tamil,638656,No,No,1921,257,0,9,8,0,0,4000,3729,3729,No,No,No,Yes,No,No,Own,2,2,Completed,10-03-2013,10-03-2013
156,Thiruppur,Dharapuram,MUNICIPAL MIDDLE SCHOOL,33100601003,Primary School,Tamil,638656,Yes,Yes,1911,155,2,9,7,0,0,28657,6292,28657,Yes,No,Yes,Yes,Yes,No,Corporation,1,1,Completed,10-03-2013,10-03-2013
157,Thiruppur,Dharapuram,MMS VALAYAKARA STREET,33100601008,Secondary School,Tamil,638656,Yes,Yes,1951,163,15,7,4,0,3,2000,1000,1000,Yes,Yes,No,Yes,Yes,Yes,Corporation,1,2,Completed,10-03-2013,10-03-2013
158,Thiruppur,Dharapuram,NCP MUNICIPAL HRSEC SCHOOL,33100601010,High School,Tamil,638656,Yes,No,1957,992,12,36,25,1200,2,238928,21800,130800,No,No,Yes,Yes,Yes,No,Corporation,1,0,Completed,10-03-2013,10-03-2013
159,Thiruppur,Dharapuram,MUNICIPAL SCHOOL WEST BLJIWAR STREET,33100601011,Primary School,Tamil,638656,No,No,1936,85,0,4,2,2,4,23788,22188,26759,No,No,No,Yes,Yes,Yes,Corporation,1,0,Completed,10-03-2013,10-03-2013
160,Thiruppur,Dharapuram,MUNICIPAL MIDDLE SCHOOL KOLINJIVADI,33100601402,Secondary School,Tamil,638673,Yes,No,1939,270,5,13,13,400,0,14500,5100,0,No,No,No,Yes,Yes,Yes,Own,1,3,Completed,10-03-2013,10-03-2013
161,Erode,Erode,MUNICIPAL HIGH SCHOOL,33100706004,High School,Tamil,638011,Yes,Yes,1967,385,4,17,13,107,0,12260,6725,1600,No,No,No,Yes,Yes,Yes,No,1,4,Incompleted,10-03-2013,10-03-2013
162,Erode,Erode,PUP SCHOOL VEERAPAN CHATRAM,33100707901,Primary School,English,638004,Yes,Yes,1967,699,0,24,24,4,6,4684,3544,1140,Yes,Yes,No,Yes,No,Yes,No,1,1,Incompleted,10-03-2013,10-03-2013
163,Erode,Erode,KAMARAJ MPL HRSEC SCHOOL,33100709403,High School,Tamil,638003,Yes,Yes,1983,5,599,33,720,0,0,26355,219,43,Yes,No,No,No,No,No,No,6,0,Incompleted,10-03-2013,10-03-2013
164,Erode,Gobichettipalayam,MUNICIPAL GIRLS HR SEC SCHOOL,33100801201,High School,Tamil,638476,Yes,No,1995,556,3,18,15,100,2,218000,32660,218000,Yes,No,No,Yes,Yes,No,Own,0,15,Completed,10-03-2013,10-03-2013
165,Erode,Madachur,MUNICIPAL HR SEC SCHOOL MODACHUR,33100801704,High School,Tamil,638476,No,No,1969,350,2,21,8,66,0,24360,7440,16720,No,No,No,Yes,Yes,No,Own,3,5,Incompleted,10-03-2013,10-03-2013
166,Erode,Veerapandi,JAYARAM MUNICIPAL MIDDLE SCHOOL,33100802608,Primary School,Tamil,638452,No,No,1968,114,10,7,6,0,0,15594,0,13000,Yes,No,No,Yes,Yes,Yes,Corporation,5,2,Completed,10-03-2013,10-03-2013
167,Erode,Veerapandi,MUNICIPAL ELEMENTARY SCHOOL,33100802609,Primary School,Tamil,638476,Yes,No,1951,139,7,5,5,250,0,7648,5648,7648,No,No,No,No,No,No,Corporation,1,2,Completed,10-03-2013,10-03-2013
168,Erode,Veerapandi,MUNICIPAL BOYS HR SEC SCHOOL,33100802610,High School,Tamil,638452,No,No,1957,350,2,23,10,0,2,10000,5000,5000,Yes,No,No,Yes,Yes,No,Own,0,2,Completed,10-03-2013,10-03-2013
169,Erode,Veerapandi,VENGAMMAIYAR MUNICIPAL PRIMARY SCHOOL,33100802611,Primary School,Tamil,638476,No,No,1969,131,13,5,5,235,0,683.55,593.02,783.55,No,No,No,No,Yes,No,Own,0,2,Completed,10-03-2013,10-03-2013
170,Erode,Gobichettipalayam,MUNICIPAL MIDDLE SCHOOL TOWN,33100802612,Secondary School,Tamil,638452,No,No,2008,85,3,7,13,40,0,228,174,194,No,No,No,Yes,Yes,No,Corporation,1,3,Completed,10-03-2013,10-03-2013
171,Erode,Veerapandi,VENGAMMAIYAR MUNICIPAL HIGH SCHOOL,33100802622,Secondary School,Tamil,638476,No,No,1970,234,12,10,10,10,0,5800,1550,2500,No,No,No,No,Yes,No,Own,2,4,Completed,10-03-2013,10-03-2013
172,Erode,Sathiyamangalam,MUNICIPAL PRIMARY SCHOOL KOLATHUR,33101601401,Primary School,Tamil,638401,No,No,1970,25,2,1,3,0,0,7000,1300,7000,No,Yes,No,Yes,No,No,Sintex Tank,1,1,Completed,10-03-2013,10-03-2013
173,Erode,Sathiyamangalam,RMP NAGAR MUNICIPAL SCHOOL,33101601403,Primary School,Tamil,638402,No,Yes,1960,70,2,3,4,0,2,20336,2522,20336,No,No,No,Yes,No,No,Sintex Tank,4,1,Completed,10-03-2013,10-03-2013
174,Erode,Sathiyamangalam,MUNICIPAL MIDDLE SCHOOL,33101601408,Primary School,Tamil,638401,Yes,Yes,1960,242,10,7,10,242,2,23242,8941,23242,No,No,No,Yes,Yes,Yes,No,2,2,Completed,10-03-2013,10-03-2013
175,Erode,Sathiyamangalam,MUNICIPAL HIGH SCHOOL RANGASAMUTHRAM,33101601416,High School,Tamil,638402,No,No,1967,470,7,13,15,10,0,40500,9700,40500,No,Yes,No,Yes,Yes,No,Sintex Tank,3,2,Completed,10-03-2013,10-03-2013
176,The Nilgiris,Udhagamandalam Town,MUNICIPAL PRIMARY SCHOOL,33110101502,Primary School,Tamil,643001,No,No,1922,41,2,1,4,10,0,1.5,1280,54500,No,No,No,No,No,No,Corporation,2,7,Incompleted,10-03-2013,10-03-2013
177,The Nilgiris,Udhagamandalam Town,MUNICIPAL PRIMARY SCHOOL,33110101504,Primary School,Tamil,643002,No,No,1922,20,0,2,5,160,4,63325,2152.8,0,No,No,No,Yes,Yes,Yes,Corporation,1,1,Incompleted,10-03-2013,10-03-2013
178,The Nilgiris,Udhagamandalam Town,MUNICIPAL PRIMARY SCHOOL,33110101505,Primary School,Tamil,643002,No,No,1936,0,7,2,9,0,0,3600,1100,0,Yes,No,No,Yes,Yes,Yes,Corporation,1,5,Incompleted,10-03-2013,10-03-2013
179,The Nilgiris,Udhagamandalam Town,MUNICIPAL PRIMARY SCHOOL,33110101506,Primary School,Tamil,643001,Yes,Yes,1938,22,0,2,11,0,0,45,4320,0,No,No,No,Yes,No,No,Corporation,2,3,Incompleted,10-03-2013,10-03-2013
180,The Nilgiris,Udhagamandalam Town,MUNICIPAL MIDDLE SCHOOL,33110101525,Primary School,Tamil,643001,Yes,No,1967,121,1,6,8,0,0,50,1800,0,No,No,No,No,No,No,Corporation,2,0,Incompleted,10-03-2013,10-03-2013
181,The Nilgiris,Udhagamandalam Town,MUNICIPAL URDU PRIMARY SCHOOL,33110101576,Primary School,Tamil,643006,Yes,No,1922,32,0,2,3,50,0,1150,0,1150,No,No,No,Yes,Yes,No,Corporation,3,1,Incompleted,10-03-2013,10-03-2013
182,The Nilgiris,Coonoor,MUNICIPAL PRIMARY SCHOOL ALWARPET,33110200601,Primary School,Tamil,643101,No,No,1923,19,0,2,3,50,2,6300,3000,6300,Yes,No,Yes,Yes,Yes,No,Corporation,1,1,Completed,10-03-2013,10-03-2013
183,The Nilgiris,Coonoor,MUNICIPAL PRIMARY SCHOOL VANNARPET,33110200602,Primary School,Tamil,643102,Yes,Yes,1921,14,2,2,6,200,2,3500,3500,3500,No,No,Yes,Yes,No,No,Corporation,3,1,Completed,10-03-2013,10-03-2013
184,The Nilgiris,Coonoor,MUNICIPAL PRIMARY SCHOOL TOWN COONOOR,33110200604,Primary School,Tamil,643102,Yes,Yes,1969,11,3,3,3,250,1,2600,1500,1500,No,No,No,Yes,Yes,No,Corporation,3,3,Completed,10-03-2013,10-03-2013
185,The Nilgiris,Coonoor,MUNICIPAL PRIMARY SCHOOL BALACLAVA,33110200605,Primary School,Tamil,643102,No,No,1950,18,3,4,1,30,0,5500,5500,5500,No,No,Yes,Yes,Yes,No,Corporation,0,1,Completed,10-03-2013,10-03-2013
186,The Nilgiris,Coonoor,MUNICIPAL MIDDLE SCHOOL BANDISHOLA,33110200610,High School,Tamil,643104,Yes,No,1933,38,1,5,9,40,4,9000,4000,5000,No,No,Yes,Yes,No,No,Corporation,1,1,Completed,10-03-2013,10-03-2013
187,The Nilgiris,Coonoor,MUNICIPAL PRIMARY SCHOOL ATTADI,33110200611,Primary School,Tamil,643101,Yes,No,1949,69,0,6,7,0,1,7200,7200,7200,Yes,No,Yes,No,No,No,Corporation,1,1,Completed,10-03-2013,10-03-2013
188,The Nilgiris,Coonoor,MUNICIPAL MIDDLE SCHOOL GANDHIPURAM,33110200612,Primary School,Tamil,643102,Yes,No,1942,95,2,6,7,200,0,12184,3272,12184,No,No,No,Yes,Yes,No,Corporation,1,1,Completed,10-03-2013,10-03-2013
189,Coimbatore,R.S.Puram,CORP HIGHER SECONDARY SCHOOL RS PURAM,33120100304,High School,English,641002,Yes,Yes,1942,1266,0,24,18,600,0,70000,22440,3360,Yes,No,No,No,No,Yes,Corporation,3,5,Completed,10-03-2013,10-03-2013
190,Coimbatore,R.S.Puram,CORP HIGHER SECONDARY SCHOOL RS PURAM,33120100305,High School,Tamil,641002,Yes,Yes,1932,379,0,19,18,600,0,70000,22440,3360,Yes,No,No,No,No,Yes,Corporation,1,5,Completed,10-03-2013,10-03-2013
191,Coimbatore,R.S.Puram,CORP HS DEAF AND DUMB,33120100306,Secondary School,Tamil,641002,Yes,Yes,1956,36,36,5,8,24,1,1004,794,0,No,No,Yes,Yes,Yes,No,Corporation,1,2,Completed,10-03-2013,10-03-2013
192,Coimbatore,Coimbatore,CORPORATION MIDDLE SCHOOL WEDDERBURNPET,33120100501,Primary School,Tamil,641002,No,Yes,1955,83,2,4,19,500,0,30248,8000,22000,No,No,Yes,Yes,No,No,Corporation,1,3,Completed,10-03-2013,10-03-2013
193,Coimbatore,Coimbatore,CORPORATION PRIMARY SCHOOL DHS ROAD,33120100604,Primary School,Tamil,641002,Yes,Yes,1931,32,0,2,5,100,0,4913,4663,250,No,No,No,Yes,No,No,Corporation,1,3,Completed,10-03-2013,10-03-2013
194,Coimbatore,Pappanaickenpalayam,CORP MIDDLE SCHOOL,33120100802,Secondary School,Tamil,641037,No,No,1966,120,2,7,8,100,0,45000,34000,9000,No,No,No,No,No,No,Corporation,6,3,Incompleted,10-03-2013,10-03-2013
195,Coimbatore,Puliakulam,CORPORATION GIRL HIGH SCHOOL PULIAKULAM,33120100906,Secondary School,Tamil,641045,Yes,No,1964,83,0,8,10,10,0,152460,130024,22436,Yes,Yes,No,Yes,Yes,No,Corporation,6,8,Completed,10-03-2013,10-03-2013
196,Coimbatore,Ramanathapuram,CORPN PRIMARY SCHOOL RAMAKRISHNAPURAM,33120101001,Primary School,Tamil,641045,Yes,Yes,1970,106,1,4,30,0,0,24000,8000,16000,No,No,Yes,Yes,No,No,Corporation,12,4,Incompleted,10-03-2013,10-03-2013
197,Coimbatore,Ramanathapuram,CORP GHSS RAMAKRIAHNAPURAM CBE,33120101005,High School,English,641045,Yes,Yes,1949,1193,0,36,28,40,13,137190,80427.2,41711.6,Yes,No,Yes,Yes,Yes,Yes,Corporation,3,10,Incompleted,10-03-2013,10-03-2013
198,Coimbatore,Ramanathapuram,CORPORATION HR SEC SCHOOL RAMANATHAPURAM,33120101104,High School,Tamil,641045,Yes,Yes,1969,500,2,21,16,180,1,111084,59202,51822,No,No,Yes,Yes,Yes,No,Corporation,3,10,Incompleted,10-03-2013,10-03-2013
199,Coimbatore,Coimbatore,CORPORATION ELE SCHOOL TRICHY ROAD,33120101301,Primary School,Tamil,641018,No,No,1953,31,0,2,4,120,0,3480,1750,1730,No,No,No,Yes,Yes,No,Corporation,3,1,Completed,10-03-2013,10-03-2013
200,Coimbatore,Coimbatore,CORPORATION HIGH SCHOOL,33120101505,Secondary School,English,641018,Yes,Yes,1978,121,0,10,8,20,1,66500,32750,200,No,No,No,Yes,Yes,No,Corporation,0,4,Completed,10-03-2013,10-03-2013
201,Coimbatore,Ram Nagar,CORP GHSS RANGANATHAPURAM CBE,33120101605,High School,Tamil,641009,Yes,Yes,1964,645,0,26,27,800,9,56711,28978,0,Yes,No,Yes,Yes,No,No,Corporation,4,4,Incompleted,10-03-2013,10-03-2013
202,Coimbatore,Sidthapudur,CORPORATION PRIMARY SCHOOL SIDHAPUDUR,33120101701,Primary School,Tamil,641044,Yes,Yes,1964,128,4,5,19,400,0,24042,7759,15245,No,No,Yes,Yes,Yes,No,Corporation,0,3,Completed,10-03-2013,10-03-2013
203,Coimbatore,Coimbatore,CORPORATION MIDDLE SCHOOL TATABAD CBE,33120102001,Primary School,Tamil,641012,Yes,Yes,1923,85,0,5,10,300,0,39240,4932,19200,No,No,No,Yes,No,No,Corporation,10,4,Completed,10-03-2013,10-03-2013
204,Coimbatore,Coimbatore,CITY CORPORATION HR SEC SCHOOL VH ROAD,33120102404,High School,Tamil,641001,Yes,Yes,1954,415,1,15,14,40,1,39050,14607,14443,No,No,Yes,Yes,Yes,No,Corporation,1,4,Completed,10-03-2013,10-03-2013
205,Coimbatore,Coimbatore,CORP MIDDLE SCHOOL,33120102501,Secondary School,Tamil,641001,Yes,Yes,1982,97,9,4,6,300,0,35280,5659,29450,No,No,No,Yes,Yes,Yes,Corporation,6,3,Completed,10-03-2013,10-03-2013
206,Coimbatore,Coimbatore,CORP GIRLS HS SELVAPURAM CBE,33120102702,Secondary School,Tamil,641026,Yes,No,1978,336,2,14,10,400,0,12751,8144,12751,No,No,Yes,Yes,Yes,Yes,Corporation,0,9,Completed,10-03-2013,10-03-2013
207,Coimbatore,Coimbatore,CORPORATION HR SEC SCHOOL SELVAPURAM,33120102703,High School,Tamil,641026,Yes,No,1953,579,5,27,20,580,3,234740,9422,0,Yes,No,Yes,Yes,No,No,Corporation,3,1,Completed,10-03-2013,10-03-2013
208,Coimbatore,Coimbatore,CORPN MIDDLE SCHOOL BB STREET,33120103002,Secondary School,Tamil,641001,Yes,Yes,1947,66,6,3,3,90,0,1368,960,401,No,No,Yes,Yes,No,No,Corporation,4,2,Completed,10-03-2013,10-03-2013
209,Coimbatore,Coimbatore,CORPORATION MIDDLE SCHOOL MNG STREET,33120103401,Primary School,Tamil,641001,No,Yes,1950,46,5,3,15,100,1,8760,5967,2097,Yes,No,No,Yes,No,No,Corporation,4,2,Completed,10-03-2013,10-03-2013
210,Coimbatore,Karumbu Kadai,CORPN PRIMARY SCHOOL,33120400501,Primary School,Tamil,641006,No,No,1921,549,5,15,20,0,2,9600,10100,500,No,No,Yes,Yes,No,No,Corporation,3,6,Incompleted,10-03-2013,10-03-2013
211,Coimbatore,Perur,CORPN PRIMARY SCHOOL AGRI CAMPUS,33120400701,Primary School,Tamil,641003,No,No,1965,68,3,3,5,150,0,39235,5023,34212,No,No,Yes,Yes,Yes,No,Corporation,0,1,Completed,10-03-2013,10-03-2013
212,Coimbatore,Telungupalayam,CORP ELE SCHOOL,33120400702,Primary School,Tamil,641039,No,No,1958,50,0,2,3,150,0,8040,4014,3767,No,No,No,Yes,Yes,No,Corporation,3,1,Completed,10-03-2013,10-03-2013
213,Coimbatore,Chokkampudur,CORPORATION PRIMARY SCHOOL CHOKKAMPUDUR,33120400704,Primary School,Tamil,641039,Yes,No,1926,83,2,3,6,0,6,9672,2672,7000,No,No,Yes,Yes,No,No,Corporation,2,2,Incompleted,10-03-2013,10-03-2013
214,Coimbatore,Telungupalayam,CORPORATION ELEMENTARY SCHOOL P N PUDUR,33120400803,Primary School,Tamil,641041,Yes,Yes,1963,254,2,8,10,300,0,4056,1556,2500,No,No,Yes,Yes,No,No,Corporation,2,2,Completed,10-03-2013,10-03-2013
215,Coimbatore,Venkittapuram,CORPORATION PRIMARY SCHOOL KOVILMEDU,33120400901,Primary School,Tamil,641025,No,No,2007,280,10,8,10,400,0,56888,17440,39448,No,No,Yes,Yes,No,No,Corporation,7,3,Completed,10-03-2013,10-03-2013
216,Coimbatore,Venkittapuram,CORPORATION HIGH SCHOOL,33120400902,Secondary School,Tamil,641025,No,No,1958,347,2,12,14,500,0,24717,16159,8557,No,No,Yes,Yes,No,No,Corporation,1,3,Completed,10-03-2013,10-03-2013
217,Coimbatore,Coimbatore,CORPN PRIMARY SCHOOL KK PUDUR,33120401101,Primary School,Tamil,641038,No,No,1985,221,0,8,18,300,0,15751,11251,3450,No,No,No,Yes,Yes,No,Corporation,1,4,Completed,10-03-2013,10-03-2013
218,Coimbatore,Kuppakonampudur,CORPORATION HIGH SCHOOL KK PUDUR,33120401102,Secondary School,Tamil,641038,Yes,Yes,1965,304,1,12,7,70,0,6025,3245,2780,No,No,No,Yes,Yes,Yes,Corporation,2,2,Incompleted,10-03-2013,10-03-2013
219,Coimbatore,Sanganur,CORPN PRIMAR SCHOOL NALLAMPALAYAM,33120401201,Primary School,Tamil,641006,No,No,1965,128,3,5,4,180,0,21108,9124,11984,No,No,Yes,Yes,Yes,No,Corporation,2,2,Completed,10-03-2013,10-03-2013
220,Coimbatore,Coimbatore,CORPORATION MIDDLE SCHOOL RAMASAMY NAGAR,33120401202,Primary School,Tamil,641030,Yes,Yes,1965,208,0,7,16,600,0,74052,9680,64372,No,No,Yes,Yes,Yes,No,Corporation,3,2,Completed,10-03-2013,10-03-2013
221,Coimbatore,Coimbatore,CORPORATION MIDDLE SCHOOL,33120401301,Secondary School,Tamil,641027,No,No,1966,661,6,20,20,800,2,7314,4564,2750,No,No,No,Yes,Yes,No,Corporation,3,19,Completed,10-03-2013,10-03-2013
222,Coimbatore,Sanganur,CORP ELE SCHOOL,33120401401,Primary School,Tamil,641027,No,No,1998,485,9,14,19,600,0,29065,5310,23755,No,No,No,Yes,No,No,Corporation,4,4,Completed,10-03-2013,10-03-2013
223,Coimbatore,Coimbatore,CORP HIGH SCHOOL MANIYAKARAMPALAYAM,33120401603,Secondary School,Tamil,641006,Yes,No,1959,435,0,15,12,500,4,36000,5730,29450,No,No,No,Yes,Yes,No,Corporation,2,9,Completed,10-03-2013,10-03-2013
224,Coimbatore,Uppilipalayam,CORP MIDDLE SCHOOL MASAKALIPALAYAM,33120500104,Primary School,Tamil,641015,Yes,No,2006,145,2,6,12,400,1,20420,13240,7180,Yes,No,No,Yes,Yes,No,Corporation,2,2,Completed,10-03-2013,10-03-2013
225,Coimbatore,Uppilipalayam,CORPORATION HIGH SCHOOL VARADARAJAPURAM,33120500123,Secondary School,Tamil,641015,No,Yes,1962,153,0,6,12,400,1,72000,3440,64000,No,No,Yes,Yes,No,No,Corporation,2,2,Completed,10-03-2013,10-03-2013
226,Coimbatore,Peelamadu,CORPORATION ELEMENTARY SCHOOL PEELAMEDU,33120500201,Primary School,Tamil,641004,No,Yes,1969,63,0,4,9,400,0,11000,6250,4750,No,No,No,Yes,No,No,Corporation,13,2,Completed,10-03-2013,10-03-2013
227,Coimbatore,Peelamadu,CORPN PRIMARY SCHOOL PEELAMEDU PUDUR,33120500202,Primary School,Tamil,641004,Yes,Yes,1970,39,4,3,5,100,0,6089,3260,2829,No,No,No,Yes,No,No,Corporation,4,1,Completed,10-03-2013,10-03-2013
228,Coimbatore,Peelamadu,CORP ELE SCHOOL,33120500206,Primary School,Tamil,641004,No,Yes,1985,57,1,3,6,100,0,1360,1000,350,No,No,Yes,Yes,No,No,Corporation,9,1,Completed,10-03-2013,10-03-2013
229,Coimbatore,Peelamadu,CORPORATION HIGHER SECONDARY SCHOOL,33120500212,High School,Tamil,641004,Yes,Yes,1929,668,2,22,15,40,2,108875,20295,51355,Yes,Yes,No,Yes,Yes,No,Corporation,2,10,Completed,10-03-2013,10-03-2013
230,Coimbatore,Sowripalayam,CORP ELE SCHOOL,33120500302,Primary School,Tamil,641028,No,No,1951,200,4,6,8,300,0,30945,7140,23805,No,No,No,Yes,No,No,Corporation,2,2,Completed,10-03-2013,10-03-2013
231,Coimbatore,Singanallur,CORPN PRIMARY SCHOOL KALLIMADAI,33120500405,Primary School,Tamil,641005,No,No,1970,134,1,4,9,200,0,22788,4309,17524,No,No,Yes,Yes,No,Yes,Corporation,3,1,Completed,10-03-2013,10-03-2013
232,Coimbatore,Singanallur,CORP PRIMARY SCHOOL ONDIPUDUR NORTH,33120500411,Primary School,Tamil,641016,Yes,Yes,1984,139,4,5,5,200,2,14816,12965,1851,No,No,Yes,No,No,No,Corporation,1,3,Completed,10-03-2013,10-03-2013
233,Coimbatore,Singanallur,CORPORATION MIDDLE SCHOOL KRISHNAPURAM,33120500413,Primary School,Tamil,641005,No,No,1979,343,0,11,11,400,0,44800,9996,11218,No,No,Yes,Yes,No,No,Corporation,1,2,Completed,10-03-2013,10-03-2013
234,Coimbatore,Peelamadu,CMS KRISNARAYAPURAM MIDDLE SCHOOL,33120500501,Primary School,Tamil,641006,No,Yes,1936,216,7,10,17,500,1,44380,38380,6000,No,No,Yes,Yes,Yes,Yes,Corporation,2,5,Completed,10-03-2013,10-03-2013
235,Coimbatore,Pollachi,"MUNICIPAL MIDDLE SCHOOL, Vadugapalayam,Pollachi",33121203001,Secondary School,Tamil,630002,No,No,1967,210,2,9,12,480,0,12000,4000,0,Yes,No,No,Yes,No,Yes,Municipality,2,3,Completed,10-03-2013,10-03-2013
236,Coimbatore,Pollachi,KOVAI ROAD MUNICIPAL ELE SCHOOL,33121203202,Primary School,Tamil,642001,Yes,Yes,1950,14,4,2,2,0,0,6168,5493,0,No,No,Yes,Yes,Yes,No,Municipality,2,1,Completed,10-03-2013,10-03-2013
237,Coimbatore,Pollachi,SAMATHUR RAMA IYENGAR MHSS,33121203401,High School,Tamil,642002,No,No,1943,404,0,20,20,500,2,414545,50000,364545,No,No,No,No,No,No,Corporation,3,3,Completed,10-03-2013,10-03-2013
238,Coimbatore,Pollachi,MUNICIPAL PRIMARY SCHOOL,33121203501,Primary School,Tamil,642002,No,No,1967,45,3,2,2,100,2,1500,1500,3000,No,No,No,Yes,Yes,Yes,Municipality,2,1,Completed,10-03-2013,10-03-2013
239,Coimbatore,Pollachi,MUNICIPAL ELE SCHOOL,33121203601,Primary School,Tamil,642001,Yes,No,1937,17,0,2,2,0,0,0,0,0,No,No,No,No,No,No,Municipality,6,0,Completed,10-03-2013,10-03-2013
240,Coimbatore,Pollachi,MUNICIPAL MIDDLE SCHOOL MARAPETTAI,33121203701,Secondary School,Tamil,642001,Yes,Yes,1925,84,0,7,6,4,4,6970,1530,440,No,No,No,Yes,Yes,No,Municipality,2,1,Completed,10-03-2013,10-03-2013
241,Coimbatore,Pollachi,MUNICIPAL MIDDLE SCHOOL B G PURAM,33121203801,Secondary School,Tamil,642001,Yes,Yes,2010,106,2,6,7,0,0,49108,10557,2000,Yes,No,Yes,Yes,Yes,No,Corporation,0,1,Completed,10-03-2013,10-03-2013
242,Coimbatore,Pollachi,MPL GIRLS HSS POLLACHI,33121203802,High School,Tamil,642001,Yes,Yes,1953,1700,0,65,47,1700,0,392040,1,1,Yes,No,No,Yes,Yes,Yes,Corporation,4,20,Incompleted,10-03-2013,10-03-2013
243,Coimbatore,Pollachi,V R I MPL MIDDLE SCHOOL,33121203902,Secondary School,Tamil,642001,Yes,No,1859,0,60,0,7,2,2,20765,6365,14400,No,No,No,No,No,No,Corporation,1,1,Incompleted,10-03-2013,10-03-2013
244,Coimbatore,Pannam,MUNICIPAL BOYS HSS,33121204102,High School,Tamil,642001,Yes,No,1982,850,3,46,30,900,0,1456,0,0,No,No,No,Yes,Yes,No,Corporation,0,0,Incompleted,10-03-2013,10-03-2013
245,Coimbatore,Pollachi,KUMARAN NAGAR MPL ELE SCHOOL,33121204201,Primary School,Tamil,642001,No,No,1973,83,2,3,5,0,0,70971,2286,68685,Yes,No,Yes,No,No,No,Corporation,1,0,Incompleted,10-03-2013,10-03-2013
246,Coimbatore,Pollachi,MPS ALAGAPURI STREET,33121204301,Primary School,Tamil,642001,No,No,1952,13,1,1,2,0,0,2800,1600,1200,No,No,No,No,No,No,Corporation,1,1,Incompleted,10-03-2013,10-03-2013
247,Coimbatore,Pollachi,V S R A MUNICIPAL MIDDLE SCHOOL,33121204302,Secondary School,Tamil,642001,Yes,No,1963,90,3,7,16,180,1,17100,0,10026,Yes,No,Yes,Yes,Yes,No,Municipality,0,0,Completed,10-03-2013,10-03-2013
248,Coimbatore,Pollachi,ABT ROAD M M SCHOOL,33121204401,Secondary School,Tamil,642001,Yes,No,1967,65,1,4,9,1,0,1986,1200,1200,No,No,No,No,No,No,Corporation,1,0,Incompleted,10-03-2013,10-03-2013
249,Coimbatore,Pollachi,M M S RAMAKRISHNA NAGAR,33121204701,Primary School,Tamil,642001,Yes,No,1951,343,0,0,10,0,0,9215,3865,0,No,No,No,No,No,No,Corporation,5,0,Incompleted,10-03-2013,10-03-2013
250,Coimbatore,Pollachi,CHCKN CHETTIAR MPL ELE SCHOOL,33121204801,Primary School,Tamil,642001,Yes,No,1921,30,2,2,4,0,0,6440,3240,0,No,No,No,Yes,Yes,No,Corporation,0,1,Incompleted,10-03-2013,10-03-2013
251,Thiruppur,Udumalpet,MUNICIPAL ELEMENTARY SCHOOL,33121302701,Primary School,Tamil,642126,Yes,Yes,2003,28,5,2,8,350,0,3500,3000,500,No,Yes,No,Yes,Yes,Yes,Municipality,1,1,Completed,10-03-2013,10-03-2013
252,Thiruppur,Udumalpet,MUNICIPAL PRIMARY SCHOOL,33121302702,Primary School,Tamil,642126,No,No,1944,73,2,3,4,0,0,2787,1443,1344,No,No,No,Yes,Yes,No,Municipality,0,2,Completed,10-03-2013,10-03-2013
253,Thiruppur,Udumalpet,MUNICIPAL ELEMENTARY SCHOOL,33121302703,Primary School,Tamil,642126,No,No,1926,10,0,2,3,2,2,900,900,0,No,No,No,Yes,Yes,No,Municipality,0,1,Completed,10-03-2013,10-03-2013
254,Thiruppur,Udumalpet,MUNICIPAL MIDDLE SCHOOL,33121302704,Primary School,Tamil,642126,No,Yes,1982,207,2,10,12,2,3,8400,6900,0,No,No,No,Yes,Yes,No,Municipality,0,1,Completed,10-03-2013,10-03-2013
255,Thiruppur,Udumalpet,MUNICIPAL ELEMENTARY SCHOOL,33121302706,Primary School,Tamil,642126,No,No,1960,43,0,0,5,100,0,5700,3200,1000,No,No,Yes,Yes,No,No,Municipality,1,2,Completed,10-03-2013,10-03-2013
256,Thiruppur,Udumalpet,MIUNICIPAL MIDDLE SCHOOL,33121302707,Primary School,Tamil,642126,No,No,1946,128,0,6,7,128,2,10648,5300,5348,No,No,Yes,Yes,Yes,No,Municipality,1,1,Completed,10-03-2013,10-03-2013
257,Thiruppur,Udumalpet,MUNICIPAL ELEMENTARY SCHOOL,33121302708,Primary School,Tamil,642126,No,No,1960,35,0,2,6,2,2,50795,2880,18000,Yes,No,No,No,No,No,Municipality,2,1,Completed,10-03-2013,10-03-2013
258,Thiruppur,Udumalpet,MUNICIPAL ELEMENTARY SCHOOL,33121302709,Primary School,Tamil,642126,No,Yes,1984,23,1,2,6,3,0,9240,0,0,No,No,No,Yes,Yes,No,Municipality,1,1,Completed,10-03-2013,10-03-2013
259,Thiruppur,Udumalpet,MUNICIPAL ELEMENTARY SCHOOL,33121302710,Primary School,Tamil,642126,Yes,No,1942,59,0,3,5,2,2,13620,3500,10120,No,No,No,Yes,Yes,No,Own,1,1,Completed,10-03-2013,10-03-2013
260,Thiruppur,Udumalpet,MUNICIPAL MIDDLE SCHHOL,33121302714,Primary School,Tamil,642126,Yes,Yes,1966,57,0,7,6,0,0,10656,1802,8854,No,No,No,Yes,Yes,Yes,Municipality,2,1,Completed,10-03-2013,10-03-2013
261,Thiruppur,Udumalpet,MUNICIPAL MIDDLE SCHOOL,33121302716,Primary School,Tamil,642126,Yes,No,1930,130,0,8,6,0,0,1.25,3200,0,No,No,No,Yes,Yes,No,Corporation,1,1,Completed,10-03-2013,10-03-2013
262,Thiruppur,Udumalpet,EXTENSION MUNICIPAL MIDDLE SCHOOL,33121302717,Primary School,Tamil,625706,Yes,No,2003,117,1,6,8,0,0,10200,6000,4200,No,No,Yes,Yes,Yes,No,Municipality,1,1,Completed,10-03-2013,10-03-2013
263,Thiruppur,Udumalpet,MUNICIPAL ELEMENTARY SCHOOL,33121302737,Primary School,Tamil,642126,No,No,2003,20,0,2,2,0,0,4345,1458,2887,No,No,No,Yes,Yes,No,Municipality,1,0,Completed,10-03-2013,10-03-2013
264,Thiruppur,Udumalpet,MUNICIPAL ELEMENTARY SCHOOL,33121302738,Primary School,Tamil,642126,No,No,2003,40,0,2,2,40,0,4355,720,0,No,No,No,No,No,No,Municipality,1,1,Completed,10-03-2013,10-03-2013
265,Thiruppur,Udumalpet,MUNICIPAL ELEMENTARY SCHOOL,33121302739,Primary School,Tamil,642126,No,No,2013,27,0,2,2,2,2,50960,1200,45000,Yes,No,No,No,Yes,No,Municipality,1,1,Completed,10-03-2013,10-03-2013
266,Coimbatore,Coimbatore,MPS Nadur,33121702004,Primary School,Tamil,600001,Yes,No,1960,265,4,13,8,230,3,10200,6000,4200,No,Yes,No,Yes,Yes,Yes,Corporation,1,2,Completed,10-03-2013,10-03-2013
267,Coimbatore,Mettupalayam,MUNICIPAL GIRLS HIGHER SECONDARY SCHOOL,33121702019,High School,Tamil,641301,Yes,Yes,1924,1000,0,49,23,0,6,32700,22490,0,No,No,No,Yes,Yes,No,Own,1,0,Incompleted,10-03-2013,10-03-2013
268,Dindigul,Kodaikanal,MUNICIPAL PRIMARY SCHOOL,33130501701,Primary School,Tamil,624101,Yes,Yes,1963,77,0,4,5,0,0,5500,1450,1450,Yes,No,Yes,Yes,Yes,Yes,Corporation,1,2,Incompleted,10-03-2013,10-03-2013
269,Dindigul,Kodaikanal,MUNICIPAL PRIMARY SCHOOL,33130501702,Primary School,Tamil,624101,Yes,No,1967,26,0,2,2,0,0,7650,1768,0,No,No,Yes,No,No,No,Corporation,1,1,Incompleted,10-03-2013,10-03-2013
270,Dindigul,Dindigul Municipality,MUNICIPAL PRIMARY SCHOOL,33131501601,Primary School,Tamil,624001,Yes,No,1967,0,0,0,6,2,0,0,0,0,No,Yes,No,No,No,No,No,1,1,Incompleted,10-03-2013,10-03-2013
271,Dindigul,Dindigul Municipality,METTUPATTY MUNICIPAL SCHOOL,33131503302,Primary School,Tamil,624002,Yes,No,1967,56,0,3,3,0,1,2800,1600,0,No,Yes,Yes,Yes,No,No,Corporation,2,2,Incompleted,10-03-2013,10-03-2013
272,Dindigul,Dindigul Municipality,"MUNICIPAL PRIMARY SCHOOL, K.PARAIPATTY",33131503501,Primary School,Tamil,624002,No,No,1926,25,0,2,2,80,0,2800,800,2800,No,Yes,Yes,Yes,Yes,No,Own,0,0,Incompleted,10-03-2013,10-03-2013
273,Karur,Karur,MPL MAVADIAN PRIMARY SCHOOL,33140101707,Primary School,Tamil,639001,Yes,Yes,1909,10,0,2,3,400,0,12740,7740,5000,No,No,No,Yes,Yes,Yes,Corporation,2,1,Incompleted,10-03-2013,10-03-2013
274,Karur,Karur,MPL JAYAPRAKASH MIDDLE SCHOOL,33140101724,Primary School,Tamil,639001,Yes,Yes,1950,121,21,6,6,240,0,15793,7324,8469,No,No,No,Yes,Yes,Yes,Corporation,1,4,Incompleted,10-03-2013,10-03-2013
275,Karur,Karur,MPL PRIMARY SCHOOL AT BALAMBALPURAM,33140102401,Primary School,Tamil,639001,Yes,No,1952,23,0,2,3,7,0,8400,1200,7200,No,No,No,No,No,No,Corporation,2,1,Incompleted,10-03-2013,10-03-2013
276,Karur,Karur,MPL KUMARAN PRIMARY SCHOOL,33140102502,Primary School,Tamil,639001,Yes,No,1967,105,1,5,6,150,4,6020,2440,6450,No,No,No,Yes,Yes,No,Corporation,2,2,Incompleted,10-03-2013,10-03-2013
277,Karur,Karur,MUNICIPAL KOTTAIMEDU MIDDLE SCHOOL,33140102506,Primary School,Tamil,639001,Yes,Yes,1954,85,4,6,2,300,0,9517,4950,1567,No,No,No,Yes,Yes,No,Corporation,2,1,Incompleted,10-03-2013,10-03-2013
278,Karur,Karur,MPL UMAIYAL MIDDLE SCHOOL,33140102507,Primary School,Tamil,639001,No,Yes,2000,130,0,8,8,500,0,7000,5165,395,No,No,No,Yes,Yes,No,Corporation,1,1,Incompleted,10-03-2013,10-03-2013
279,Karur,Karur,MUNICIPAL KUMARAN HIGH SCHOOL KARUR,33140102509,Secondary School,Tamil,639001,Yes,Yes,1956,260,2,11,10,70,5,5668,560,68,Yes,No,No,Yes,Yes,No,Corporation,3,3,Incompleted,10-03-2013,10-03-2013
280,Karur,Karur,PASUPATHEESWARA MPL GIRLS HR SEC SCHOOL,33140102513,High School,Tamil,639001,Yes,Yes,1910,1350,0,40,24,0,2,64610,21000,43600,Yes,Yes,No,Yes,Yes,No,Own,1,16,Incompleted,10-03-2013,10-03-2013
281,Karur,Karur,MUNICIPAL MIDDLE SCHOOL PASUPATHIPALAYAM,33140102603,Primary School,Tamil,639004,Yes,Yes,1937,127,7,7,10,500,0,32292,5773,26519,No,No,No,Yes,Yes,Yes,Corporation,2,3,Incompleted,10-03-2013,10-03-2013
282,Karur,Karur,MUNICIPAL MIDDLE SCHOOL THIRUMANILAIYUR,33140102701,Primary School,Tamil,639003,Yes,Yes,1892,52,0,5,4,300,0,10120,6672,1848,No,No,No,Yes,Yes,Yes,Corporation,1,2,Incompleted,10-03-2013,10-03-2013
283,Tiruchirappalli,Sevalur,MUNICIPAL MIDDLE SCHOOL,33150502701,Secondary School,Tamil,621306,Yes,Yes,1916,135,26,8,11,0,0,15500,15500,20000,Yes,No,Yes,Yes,Yes,Yes,Own,1,0,Incompleted,10-03-2013,10-03-2013
284,Tiruchirappalli,Sevalur,MUNICIPAL PRIMARY SCHOOL MANAPPARAI,33150502705,Primary School,Tamil,621306,Yes,Yes,1993,55,3,3,6,6,0,5000,5000,10000,Yes,No,Yes,Yes,Yes,No,Own,1,0,Incompleted,10-03-2013,10-03-2013
285,Tiruchirappalli,Sevalur,MUNICIPAL PRIMARY SCHOOL VELLAKKAL,33150502714,Primary School,Tamil,621006,Yes,No,2003,18,1,2,1,1,0,350,350,0,No,No,Yes,No,No,No,Own,0,0,Incompleted,10-03-2013,10-03-2013
286,Tiruchirappalli,Sevalur,MUNICIPAL PRIMARY SCHOOL,33150502715,Primary School,Tamil,621306,Yes,No,1967,17,0,2,2,60,0,3600,800,0,No,Yes,Yes,Yes,Yes,Yes,Own,2,0,Completed,10-03-2013,10-03-2013
287,Cuddalore,Cuddalore,MUNCIPAL PRIMARY SCHOOL,33180104903,Primary School,Tamil,607001,No,No,1967,14,1,2,2,0,0,3600,1800,1800,Yes,No,No,Yes,Yes,No,Corporation,2,0,Incompleted,10-03-2013,10-03-2013
288,Cuddalore,Cuddalore,MUNICIPAL PRIMARY SCHOOL ESWARAN KOIL,33180104904,Primary School,Tamil,607001,No,No,1967,25,0,2,2,0,0,1340,128,380,Yes,No,No,Yes,Yes,Yes,Corporation,0,0,Incompleted,10-03-2013,10-03-2013
289,Cuddalore,Cuddalore,MUNICIPAL PRIMARY SCHOOL KARUMARA PETTAI,33180104907,Primary School,Tamil,607001,No,No,1967,29,1,2,2,2,0,3465,935,2530,No,No,No,Yes,Yes,No,Own,0,0,Incompleted,10-03-2013,10-03-2013
290,Cuddalore,Cuddalore,PRIMARY SCHOOL VENUGOPALAPURAM,33180104908,Primary School,Tamil,607001,Yes,Yes,1967,11,0,2,1,70,0,1110,600,0,No,No,No,Yes,Yes,No,Corporation,0,0,Incompleted,10-03-2013,10-03-2013
291,Cuddalore,Cuddalore,MUNICIPAL PRIMARY SCHOOL VANNIARPALYAM,33180104910,Primary School,Tamil,607001,Yes,Yes,1967,16,0,2,3,0,0,34500,3000,31500,No,No,Yes,Yes,Yes,Yes,Corporation,1,0,Incompleted,10-03-2013,10-03-2013
292,Cuddalore,Cuddalore,MUNICIPAL PRIMARY SCHOOL THANGARAJ NAGAR,33180104913,Primary School,Tamil,607002,No,No,1967,30,2,2,1,0,0,3000,1000,2000,No,No,Yes,Yes,No,No,Own,0,0,Incompleted,10-03-2013,10-03-2013
293,Cuddalore,Cuddalore,MUNICIPAL MIDDLE SCHOOL REDDICHATHIRAM,33180104916,Secondary School,Tamil,607002,No,No,1967,109,2,8,8,0,0,6600,2000,2000,No,No,Yes,Yes,Yes,Yes,Own,0,0,Incompleted,10-03-2013,10-03-2013
294,Cuddalore,Cuddalore,MUNICIPAL PRIMARY SCHOOL VANDIPALAYAM,33180104917,Primary School,Tamil,607004,No,No,1967,139,0,6,10,400,0,3600,0,3600,No,No,Yes,Yes,Yes,No,Own,0,0,Incompleted,10-03-2013,10-03-2013
295,Cuddalore,Cuddalore,PRIMARY SCHOOL VANDIPALAYAM ROAD,33180104918,Primary School,Tamil,607002,Yes,Yes,1967,43,2,2,5,4,2,4200,1500,4200,Yes,No,Yes,Yes,Yes,No,Own,0,0,Incompleted,10-03-2013,10-03-2013
296,Cuddalore,Cuddalore,MMS BROOKEESPET MIDDLE SCHOOL,33180104919,Primary School,Tamil,607004,No,No,1967,197,2,8,7,4,4,440,220,220,No,No,Yes,Yes,Yes,Yes,Own,0,0,Incompleted,10-03-2013,10-03-2013
297,Cuddalore,Cuddalore,PRIMARY SCHOOL VASANTHARAYAN PALAYAM,33180104920,Primary School,Tamil,607003,Yes,No,1967,35,2,2,5,0,0,450,420,450,No,No,No,Yes,Yes,No,Own,0,0,Incompleted,10-03-2013,10-03-2013
298,Cuddalore,Cuddalore,MUNICIPAL MIDDLE SCHOOL DEVANAMPATTINAM,33180104921,Secondary School,Tamil,607001,Yes,No,1967,89,0,6,8,0,1,11400,0,0,No,No,No,Yes,Yes,Yes,Own,0,0,Incompleted,10-03-2013,10-03-2013
299,Cuddalore,Cuddalore,MUNICIPAL MIDDLE SCHOOL,33180104926,Secondary School,Tamil,607001,Yes,Yes,1967,43,9,4,8,240,0,24000,17480,6520,No,No,Yes,Yes,Yes,Yes,Corporation,0,1,Incompleted,10-03-2013,10-03-2013
300,Cuddalore,Cuddalore,MUNICIPAL PRIMARY SCHOOL,33180105001,Primary School,Tamil,607003,Yes,No,1967,43,0,2,2,0,0,16000,800,800,Yes,Yes,Yes,Yes,Yes,Yes,Own,0,0,Incompleted,10-03-2013,10-03-2013
301,Cuddalore,Cuddalore,MUNICIPAL PRIMARY SCHOOL,33180105004,Primary School,Tamil,607003,No,No,1967,15,0,2,2,0,0,1200,950,1200,No,No,Yes,Yes,Yes,Yes,Own,0,0,Incompleted,10-03-2013,10-03-2013
302,Cuddalore,Cuddalore,MUNICIPAL PRIMARY SCHOOL,33180105005,Primary School,Tamil,607003,Yes,Yes,1967,26,0,2,3,0,0,8103,3500,8103,Yes,No,Yes,Yes,Yes,Yes,Own,0,0,Incompleted,10-03-2013,10-03-2013
303,Cuddalore,Cuddalore,MUNICIPAL PRIMARY SCHOOL,33180105006,Primary School,Tamil,607003,Yes,No,1967,25,0,2,3,90,0,1600,800,800,No,No,Yes,Yes,Yes,Yes,Own,0,1,Incompleted,10-03-2013,10-03-2013
304,Cuddalore,Cuddalore,MUNICIPAL PRIMARY SCHOOL MALUMIYARPETTAI,33180105009,Primary School,Tamil,607003,No,No,1967,52,0,3,2,0,0,0,0,0,No,No,Yes,Yes,Yes,No,Own,1,0,Incompleted,10-03-2013,10-03-2013
305,Cuddalore,Cuddalore,MUNICIPAL MIDDLE SCHOOL SEEMAN THOTTAM,33180105011,Secondary School,Tamil,607003,No,No,1967,135,0,6,9,0,0,14000,0,0,No,No,Yes,Yes,Yes,No,Own,0,0,Incompleted,10-03-2013,10-03-2013
306,Cuddalore,Nellikuppam,MUNICIPAL PRIMARY SCHOOL,33180204505,Primary School,Tamil,607105,Yes,No,1973,29,1,2,2,80,0,9684,1054,9684,No,Yes,Yes,Yes,No,No,Corporation,0,0,Incompleted,10-03-2013,10-03-2013
307,Cuddalore,Panruti,MUNICIPAL ELEMENTARY URUDU SCHOOL,33180304203,Primary School,Tamil,607106,No,No,1949,27,2,1,2,2,0,6300,4600,800,No,No,Yes,Yes,Yes,No,Own,0,1,Incompleted,10-03-2013,10-03-2013
308,Cuddalore,Chidambaram,MUNICIPAL PRIMARY SCHOOL,33181307302,Primary School,Tamil,608001,Yes,No,1916,28,0,2,2,28,0,520,160,520,Yes,No,No,Yes,Yes,No,Corporation,1,1,Incompleted,10-03-2013,10-03-2013
309,Cuddalore,Chidambaram,MUNICIPAL MIDDLE SCHOOL,33181307303,Secondary School,Tamil,608001,Yes,Yes,1939,181,0,8,8,2,2,500,500,500,Yes,Yes,Yes,Yes,Yes,Yes,Corporation,0,1,Incompleted,10-03-2013,10-03-2013
310,Cuddalore,Chidambaram,MUNICIPAL PRIMARY SCHOOL,33181307304,Primary School,Tamil,608001,Yes,No,1965,17,0,2,2,0,0,4800,800,4800,Yes,No,No,Yes,Yes,No,Corporation,0,1,Incompleted,10-03-2013,10-03-2013
311,Cuddalore,Chidambaram,MUNICIPAL MIDDLE SCHOOL,33181307312,Secondary School,Tamil,608001,Yes,No,1958,123,2,6,4,226,0,6962,3302,6962,Yes,No,No,Yes,Yes,No,Corporation,2,2,Incompleted,10-03-2013,10-03-2013
312,Cuddalore,Chidambaram,MUNICIPAL PRIMARY SCHOOL,33181307314,Primary School,Tamil,608001,Yes,No,1917,54,0,2,2,35,0,4500,920,4500,Yes,No,No,Yes,Yes,No,Corporation,1,1,Incompleted,10-03-2013,10-03-2013
313,Cuddalore,Chidambaram,MUNICIPAL MIDDLE SCHOOL,33181307315,Secondary School,Tamil,608001,Yes,Yes,1938,155,2,8,10,5,0,11598,10170,1428,Yes,No,No,Yes,Yes,Yes,Corporation,1,3,Incompleted,10-03-2013,10-03-2013
314,Cuddalore,Chidambaram,MUNICIPAL MIDDLE SCHOOL,33181307316,Secondary School,Tamil,608001,No,No,1935,183,1,8,8,40,0,16579,4996,16579,No,No,No,Yes,Yes,No,Corporation,1,5,Incompleted,10-03-2013,10-03-2013
315,Cuddalore,Chidambaram,MUNICIPAL PRIMARY SCHOOL,33181307324,Primary School,Tamil,608001,No,No,1908,43,0,2,3,2,0,5369,1200,5369,No,No,No,Yes,Yes,Yes,Corporation,2,1,Incompleted,10-03-2013,10-03-2013
316,Cuddalore,Chidambaram,MUNICIPAL GIRLS HIGH SCHOOL,33181307353,High School,Tamil,608001,Yes,No,1988,43,3,7,5,52,0,68858,4800,68858,Yes,No,No,Yes,Yes,No,Own,2,3,Incompleted,10-03-2013,10-03-2013
317,Nagapattinam,Sirkali,MUNICIPAL PRIMARY SCHOOL KOVILPATHU,33191000801,Primary School,Tamil,609110,No,No,1934,58,1,3,3,60,0,2000,1000,1000,No,No,No,No,No,No,Own,7,0,Incompleted,10-03-2013,10-03-2013
318,Thiruvarur,Thiruvarur,BAVAGOPALSAMY MUNICIPAL PRIMARY SCHOOL,33200504401,Primary School,Tamil,610001,Yes,Yes,1949,23,0,2,2,0,0,1600,1000,1300,No,No,Yes,Yes,Yes,Yes,Own,2,1,Incompleted,10-03-2013,10-03-2013
319,Thiruvarur,Thiruvarur,MUNICIPAL PRIMARY SCHOOL KODIKKALPALAYAM,33200504601,Primary School,Tamil,610002,Yes,No,1946,83,0,3,6,0,0,15000,4300,0,No,No,Yes,Yes,Yes,No,Own,1,1,Completed,10-03-2013,10-03-2013
320,Thiruvarur,Thiruvarur,MUNICIPAL PRIMARY SCHOOL,33200504701,Primary School,Tamil,610003,No,No,1957,42,0,2,2,4,0,3000,800,0,No,No,No,No,No,No,Own,2,1,Incompleted,10-03-2013,10-03-2013
321,Thiruvarur,Thiruvarur,GOWRISAMY MUNICIPAL SCHOOL,33200505104,Primary School,Tamil,610001,Yes,Yes,1989,111,8,6,8,111,0,329.6,52.8,276.8,Yes,No,Yes,Yes,Yes,Yes,Own,1,1,Completed,10-03-2013,10-03-2013
322,Thiruvarur,Thiruvarur,MUNICIPAL MIDDLE SCHOOL VIJAYAPURAM,33200505801,Primary School,Tamil,610001,No,No,1967,61,1,5,8,13,0,5000,2400,0,No,No,No,Yes,No,No,Own,1,2,Incompleted,10-03-2013,10-03-2013
323,Thiruvarur,Thiruvarur,KTR MUNICIPAL SCHOOL,33200505901,Primary School,English,610001,Yes,Yes,1967,91,5,4,4,4,9,3231,3231,0,Yes,No,No,Yes,Yes,Yes,Own,1,0,Incompleted,10-03-2013,10-03-2013
324,Thanjavur,Kumbakonam,MUNICIPAL KMARAJAR HIGH SCHOOL,33210705101,Secondary School,Tamil,612002,Yes,No,1967,160,10,8,2,24,0,21970,3544,21970,No,No,No,No,Yes,Yes,Corporation,2,0,Incompleted,10-03-2013,10-03-2013
325,Thanjavur,Kumbakonam,NVN MUNICIPAL PRIMARY SCHOOL,33210707201,Primary School,Tamil,612001,Yes,Yes,1952,25,0,2,2,7,0,1705,966,1400,No,No,No,Yes,Yes,Yes,Own,3,1,Incompleted,10-03-2013,10-03-2013
326,Pudukkottai,Pudukkottai,MUNICIPAL MIDDLE SCHOOL KOVILPATTI,33220504401,Primary School,Tamil,622002,No,No,1965,276,3,10,8,0,0,16690,3560,0,Yes,No,Yes,Yes,No,Yes,Corporation,0,0,Incompleted,10-03-2013,10-03-2013
327,Pudukkottai,Pudukkottai,MUNICIPAL MIDDLE SCHOOL SANTHIPETTAI,33220504701,Primary School,Tamil,622001,Yes,Yes,1967,340,8,10,11,0,0,4200,3800,0,Yes,No,No,Yes,Yes,Yes,Own,4,2,Incompleted,10-03-2013,10-03-2013
328,Sivaganga,Devakottai,SIXTEENTH WARD MUNICIPAL MIDDLE SCHOOL,33230603401,Primary School,Tamil,630302,No,No,1967,65,2,6,8,20,0,144000,0,0,No,No,Yes,Yes,Yes,Yes,Corporation,1,0,Incompleted,10-03-2013,10-03-2013
329,Sivaganga,Karaikudi (Municipal Urban),RM.S.RM. Municipal Middle School,33230801101,Secondary School,Tamil,630002,Yes,Yes,1967,409,10,16,16,40,0,21797,20293,1504,No,Yes,Yes,No,No,Yes,Corporation,2,0,Incompleted,10-03-2013,10-03-2013
330,Sivaganga,Karaikudi (Municipal Urban),Subash Nagar Municipal Elementary School,33230801104,Primary School,Tamil,630001,No,No,1967,50,3,2,3,0,0,217000,35938,181062,Yes,Yes,Yes,No,Yes,Yes,Own,2,1,Incompleted,10-03-2013,10-03-2013
331,Sivaganga,Karaikudi (Municipal Urban),Muthoorani Municipal School,33230801105,Primary School,Tamil,630001,Yes,Yes,1967,35,1,2,3,3,0,1600,1600,0,No,No,Yes,No,No,No,Corporation,6,2,Incompleted,10-03-2013,10-03-2013
332,Sivaganga,Karaikudi (Municipal Urban),Sivan Kovil Municipal Primary School,33230801106,Primary School,Tamil,630001,Yes,Yes,1967,100,0,4,6,0,0,3000,2400,0,No,Yes,Yes,Yes,Yes,No,Corporation,5,2,Incompleted,10-03-2013,10-03-2013
333,Sivaganga,Karaikudi (Municipal Urban),South street Municipal Middle School,33230801112,Secondary School,Tamil,630001,No,Yes,1967,50,1,5,8,4,0,3500,467,0,No,No,Yes,No,No,Yes,Own,1,0,Incompleted,10-03-2013,10-03-2013
334,Madurai,Melur,MUNICIPAL HIGH SCHOOL MELUR,33240805903,Secondary School,Tamil,625106,Yes,No,1925,92,1,10,4,12,4,20368,5837,20368,No,No,No,Yes,Yes,Yes,Own,6,1,Incompleted,10-03-2013,10-03-2013
335,Madurai,Melur,MUNICIPAL PRIMARY SCHOOL,33240807501,Primary School,Tamil,625106,No,No,1967,53,1,3,1,53,1,3088.12,1753.4,3088.12,No,No,Yes,Yes,Yes,No,Own,1,1,Incompleted,10-03-2013,10-03-2013
336,Madurai,Thirumangalam Municipality,Municipal Primary 10th Ward School,33241005801,Primary School,Tamil,625706,Yes,No,1925,28,3,2,2,10,0,12823,1242,12823,No,No,Yes,Yes,No,No,Corporation,0,1,Incompleted,10-03-2013,10-03-2013
337,Madurai,Thirumangalam Municipality,Municipal Primary Muslim Girls School,33241006302,Primary School,Tamil,625706,Yes,No,1967,28,2,2,2,12,0,6206,1092,6206,No,No,Yes,Yes,Yes,No,Corporation,3,2,Incompleted,10-03-2013,10-03-2013
338,Madurai,Thirumangalam Municipality,Chatram Municipal Primary School,33241006501,Primary School,Tamil,625706,Yes,No,1967,57,12,2,2,12,0,13692,2117,13692,No,No,Yes,Yes,Yes,No,Corporation,2,0,Incompleted,10-03-2013,10-03-2013
339,Theni,Bodinayakanur,FIRST WARD MUNICIPAL PRIMARY SCHOOL,33250201501,Primary School,Tamil,625513,No,No,1967,15,0,2,2,2,1,20000,3540,3540,No,No,No,Yes,Yes,No,Corporation,3,1,Incompleted,10-03-2013,10-03-2013
340,Theni,Bodinayakanur,10/W MUNICIPAL PRIMARY SCHOOL,33250201503,Primary School,Tamil,625513,Yes,Yes,1967,15,0,2,1,3,1,2650,1200,1450,No,Yes,Yes,Yes,No,No,Corporation,3,0,Incompleted,10-03-2013,10-03-2013
341,Theni,Bodinayakanur,TH WARD MPLMIDDLE SCHOOL,33250201504,Primary School,Tamil,625513,Yes,Yes,1967,24,0,5,7,2,4,3400,2400,1000,No,No,Yes,Yes,No,No,Corporation,3,1,Incompleted,10-03-2013,10-03-2013
342,Theni,Bodinayakanur,SEVENTH WARD MUNICIPAL HIGHER SEC SCHOOL,33250201505,High School,Tamil,625513,No,No,1967,450,0,17,10,4,1,10000,8264,10000,Yes,No,Yes,Yes,No,No,Corporation,3,2,Incompleted,10-03-2013,10-03-2013
343,Theni,Bodinayakanur,TENTH WARD MUNICIPAL HIGH SCHOOL,33250201536,Secondary School,Tamil,625513,Yes,Yes,1967,147,2,9,5,30,1,12200,8500,8500,Yes,Yes,No,Yes,Yes,No,Corporation,1,3,Incompleted,10-03-2013,10-03-2013
344,Theni,Chinnamanur,MUNICIPAL MIDDLE SCHOOL,33250300103,Secondary School,Tamil,625515,No,No,1967,105,0,6,6,30,0,585,540,0,No,No,No,Yes,No,No,Corporation,1,0,Incompleted,10-03-2013,10-03-2013
345,Theni,Chinnamanur,COLONY SCHOOL,33250300104,Primary School,Tamil,625515,No,No,1967,129,0,5,6,30,0,19398,7988,19398,No,No,No,Yes,Yes,No,No,1,0,Incompleted,10-03-2013,10-03-2013
346,Theni,Chinnamanur,MUNICIPAL HIGH SCHOOL,33250300118,Secondary School,Tamil,625515,Yes,No,1967,175,0,9,6,175,0,3208,600,0,No,No,No,No,No,No,Own,1,0,Incompleted,10-03-2013,10-03-2013
347,Theni,Chinnamanur,AYYANAR PURAM MUNICIPAL PRIMARY SCHOOL,33250300201,Primary School,Tamil,625515,Yes,No,1962,25,0,2,2,25,0,236.9,236.9,0,No,No,No,No,No,No,Own,1,0,Incompleted,10-03-2013,10-03-2013
348,Theni,Chinnamanur,EAST CAR MUNICIPAL SCHOOL,33250300205,Secondary School,Tamil,625515,No,No,1967,43,0,5,3,20,0,400,380,0,No,No,No,No,No,Yes,No,1,0,Incompleted,10-03-2013,10-03-2013
349,Theni,Cumbum,Municipal main Primary School,33250401102,Primary School,Tamil,625516,No,No,1935,125,2,6,7,150,0,350,5270,0,No,No,Yes,No,No,No,Corporation,1,1,Incompleted,10-03-2013,10-03-2013
350,Theni,Cumbum,Municipal Primary school Theradi street,33250401103,Primary School,Tamil,625516,Yes,No,1939,55,2,3,2,150,0,1500,0,0,No,Yes,Yes,No,No,No,Corporation,1,1,Incompleted,10-03-2013,10-03-2013
351,Theni,Cumbum,MUNICIPAL MIDDLE SCHOOL,33250401104,Secondary School,Tamil,625516,No,No,1939,75,6,7,8,350,0,5570,1950,3620,No,No,Yes,No,No,No,Own,2,1,Incompleted,10-03-2013,10-03-2013
352,Theni,Theni-Allinagaram,"Municipal Elementary School,Allinagaram",33250701209,Primary School,Tamil,625531,Yes,No,1941,134,1,5,9,3,3,10500,4500,8000,No,No,Yes,Yes,No,No,Corporation,4,0,Incompleted,10-03-2013,10-03-2013
353,Virudhunagar,Aruppukottai,MUNICIPAL ELEMENTARY SCHHOL,33260108114,Primary School,Tamil,626101,Yes,No,1937,85,2,3,5,200,0,3033,1500,0,No,No,Yes,Yes,Yes,Yes,Yes,1,2,Completed,10-03-2013,10-03-2013
354,Virudhunagar,Aruppukottai,MUNICIPAL PRIMARY SCHOOL,33260108119,Primary School,Tamil,626101,No,No,1962,235,0,9,10,0,0,13033,5000,0,No,No,No,Yes,No,No,Yes,1,2,Completed,10-03-2013,10-03-2013
355,Virudhunagar,Aruppukottai,MUNICIPAL MIDDLE SCHOOL,33260108120,Secondary School,Tamil,626101,No,No,1972,93,2,6,6,0,0,780,280,0,No,No,Yes,Yes,Yes,No,Yes,1,7,Completed,10-03-2013,10-03-2013
356,Virudhunagar,Aruppukottai,MUNICIPAL MIDDLE SCHOOL WEST CAR STREET,33260108121,Secondary School,Tamil,626101,Yes,No,1978,9,0,5,8,0,0,7600,5000,0,Yes,Yes,No,Yes,No,No,Municipal Water Supply,2,2,Completed,10-03-2013,10-03-2013
357,Virudhunagar,Virudhunagar,RAO BAHADUR MSPS PRIMARY SCHOOL,33260214610,Primary School,Tamil,626001,Yes,No,2013,138,4,5,7,0,0,24146,9456,14690,No,No,No,No,No,No,Corporation,2,1,Incompleted,10-03-2013,10-03-2013
358,Virudhunagar,Virudhunagar,MUNICIPAL MUSLIM MIDDLE SCHOOL,33260214612,Secondary School,Tamil,626001,Yes,No,1967,209,4,9,11,0,0,8476,4000,4476,Yes,No,Yes,Yes,Yes,Yes,Corporation,2,2,Incompleted,10-03-2013,10-03-2013
359,Virudhunagar,Virudhunagar,MUNICIPAL MIDDLE SCHOOL,33260214615,Secondary School,Tamil,626001,No,No,1973,36,0,4,4,6,0,600,600,0,Yes,No,No,Yes,Yes,No,Corporation,2,1,Incompleted,10-03-2013,10-03-2013
360,Virudhunagar,Rajapalayam,X WARD MUNICIPAL PRIMARY SCHOOL,33260612716,Primary School,Tamil,626117,Yes,Yes,1980,85,2,4,5,4,4,4200,3000,1200,Yes,Yes,Yes,Yes,Yes,Yes,Own,2,1,Incompleted,10-03-2013,10-03-2013
361,Virudhunagar,Rajapalayam,VIII WARD MUNICIPAL MIDDLE SCHOOL,33260612717,Primary School,English,626117,No,Yes,1989,234,1,16,11,5,4,0,7525.03,24006.2,No,No,No,Yes,Yes,Yes,No,2,2,Incompleted,10-03-2013,10-03-2013
362,Virudhunagar,Srivilliputtur,MUNICIPAL PRIMARY SCHOOL,33260710202,Primary School,Tamil,626125,No,No,1967,16,0,0,2,0,2,2240,2240,2240,No,No,No,No,No,No,Corporation,2,1,Incompleted,10-03-2013,10-03-2013
363,Virudhunagar,Srivilliputtur,MUNICIPAL KRISHNANKOVIL MIDDLE SCHOOL,33260710204,Primary School,Tamil,626125,No,No,1967,67,4,6,8,0,10,10925,5028,0,No,No,No,Yes,Yes,No,Corporation,2,1,Incompleted,10-03-2013,10-03-2013
364,Virudhunagar,Srivilliputtur,MUNICIPAL PERUMALPATTI MIDDLE SCHOOL,33260710237,Primary School,Tamil,626125,No,No,1967,132,6,7,8,132,0,1260,1260,0,No,No,No,Yes,Yes,No,Corporation,2,2,Incompleted,10-03-2013,10-03-2013
365,Virudhunagar,Srivilliputtur,MUNICIPAL MIDDLE SCHOOL,33260710238,Secondary School,Tamil,626125,No,No,2011,125,5,6,12,12,12,3693,2500,0,No,No,No,No,No,No,Corporation,2,1,Incompleted,10-03-2013,10-03-2013
366,Virudhunagar,Srivilliputtur,MUNICIPAL KAMMAPATTI MIDDLE SCHOOL,33260710239,Secondary School,Tamil,626125,Yes,No,1934,143,4,8,8,330,0,772,492,280,No,No,Yes,Yes,No,No,Corporation,2,0,Incompleted,10-03-2013,10-03-2013
367,Virudhunagar,Srivilliputtur,MUNICIPAL METTU STREET MIDDLE SCHOOL,33260710240,Primary School,Tamil,626125,No,Yes,1969,61,6,4,8,311,0,2740,2370,370,Yes,No,No,Yes,No,No,Corporation,2,1,Incompleted,10-03-2013,10-03-2013
368,Virudhunagar,Srivilliputtur,MUNICIPAL TVK HIGHER SECONTARY SCHOOL,33260710244,High School,Tamil,626125,Yes,Yes,1967,415,0,15,12,320,2,95000,7200,0,No,No,Yes,Yes,Yes,No,Corporation,2,5,Incompleted,10-03-2013,10-03-2013
369,Virudhunagar,Sivakasi,MUNICIPAL HIGH SCHOOL AMMAN KOVIL PATTI,33260910504,Secondary School,Tamil,626189,Yes,Yes,1967,956,6,36,25,109,2,32500,32500,19500,Yes,No,No,Yes,Yes,No,Corporation,2,0,Incompleted,10-03-2013,10-03-2013
370,Virudhunagar,Sivakasi,MUNICIPAL MUSLIM PRIMARY SCHOOL SIVAKASI,33260910505,Primary School,Tamil,626123,No,No,1967,20,6,2,2,0,0,2220,820,1400,No,No,No,No,No,No,Corporation,2,0,Incompleted,10-03-2013,10-03-2013
371,Virudhunagar,Sivakasi,AVT MUNICIPAL HIGH SCHOOL,33260910524,Primary School,Tamil,626123,Yes,No,1967,114,3,10,8,40,0,84281,54734,84281,Yes,No,No,Yes,Yes,No,Corporation,2,6,Incompleted,10-03-2013,10-03-2013
372,Virudhunagar,Sivakasi,AU MUNICIPAL HR SEC SCHOOL SIVAKASI,33260910534,High School,Tamil,626123,Yes,Yes,1967,615,0,22,17,550,2,0,0,0,Yes,Yes,No,Yes,No,No,Corporation,2,0,Incompleted,10-03-2013,10-03-2013
373,Virudhunagar,Sattur,MUNICIPAL HR SEC SCHOOL MELAGANDHINAGAR,33261110101,High School,Tamil,626203,No,No,1967,360,7,20,4,14,0,5787,3168,5787,No,No,No,No,No,No,Own,0,3,Incompleted,10-03-2013,10-03-2013
374,Virudhunagar,Sattur,MUNICIPAL MIDDLE SCHOOL VELLAKKARAI ROAD,33261110112,Secondary School,Tamil,626203,Yes,Yes,1967,95,4,5,6,38,1,2200,2200,0,Yes,No,Yes,Yes,No,Yes,Own,1,2,Incompleted,10-03-2013,10-03-2013
375,Virudhunagar,Sattur,MUICIPAL PRIMARY SCHOOL MELAGANDHINAGAR,33261110127,Primary School,Tamil,626203,Yes,No,1971,200,6,6,5,0,0,5306,2241,5306,No,No,No,Yes,Yes,Yes,Own,1,0,Incompleted,10-03-2013,10-03-2013
376,Ramanathapuram,Paramakudi,"MUNICIPAL MIDDLE SCHOOL, EMANESWARAM",33270309101,Primary School,Tamil,623707,No,No,1939,79,5,6,5,3,3,774,224,0,No,No,No,No,No,No,Corporation,3,2,Incompleted,10-03-2013,10-03-2013
377,Ramanathapuram,Paramakudi,"MUNICIPAL PRIMARY SCHOOL, EMANESWARAM",33270309201,Primary School,Tamil,623701,Yes,No,2011,29,0,2,2,105,0,4000,1000,0,No,No,Yes,No,Yes,No,Corporation,1,,Incompleted,10-03-2013,10-03-2013
378,Ramanathapuram,Paramakudi,"MUNICIPAL PRIMARY SCHOOL, GANDHI NAGAR",33270309202,Primary School,Tamil,623701,Yes,No,1965,28,0,2,2,2,2,1400,750,0,No,No,Yes,No,No,No,Corporation,0,0,Incompleted,10-03-2013,10-03-2013
379,Ramanathapuram,Paramakudi,"MUNICIPAL MIDDLE SCHOOL, EMANESWARAM",33270309203,Primary School,Tamil,623701,No,No,1982,483,4,16,14,300,0,65400,2000,65400,No,No,Yes,No,Yes,No,Corporation,1,0,Incompleted,10-03-2013,10-03-2013
380,Ramanathapuram,Paramakudi,"MUNICIPAL PRIMARY SCHOOL, JEEVANAGAR",33270309801,Primary School,Tamil,623701,Yes,No,1935,215,1,9,7,0,0,10000,5000,5000,No,No,No,No,No,No,Corporation,1,1,Incompleted,10-03-2013,10-03-2013
381,Ramanathapuram,Paramakudi,"MUNICIPAL PRIMARY SCHOOL, MELACHATRAM",33270311101,Primary School,Tamil,623707,No,Yes,1967,30,2,3,5,30,2,2550,2550,4150,No,Yes,Yes,No,Yes,No,Own,0,0,Incompleted,10-03-2013,10-03-2013
382,Ramanathapuram,Paramakudi,"MUNICIPAL PRIMARY SCHOOL, MANI NAGAR",33270311301,Primary School,Tamil,623707,Yes,No,1962,22,0,2,3,0,0,1650,1650,0,No,No,Yes,No,Yes,No,Corporation,3,0,Incompleted,10-03-2013,10-03-2013
383,Thoothukkudi,Pannam,MUNICIPAL PRIMARY SCHOOLLEVINGI PURAM,33280104701,Primary School,Tamil,628003,No,No,1967,78,2,7,4,10,0,0,0,0,No,No,Yes,Yes,Yes,Yes,Corporation,1,1,Incompleted,10-03-2013,10-03-2013
384,Thoothukkudi,Pannam,MUNICIPAL MIDDLE SCHOOL SOUTH NEW STREET,33280105303,Primary School,Tamil,628002,No,Yes,1967,52,7,4,10,20,0,5800,5800,0,No,No,Yes,Yes,Yes,No,Corporation,1,1,Completed,10-03-2013,10-03-2013
385,Thoothukkudi,Kovilpatti,GANDHI NAGAR MUNICIPAL HIGH SCHOOL,33280804001,Secondary School,Tamil,628501,No,No,1967,282,4,12,9,1,0,24000,6000,18000,No,No,No,Yes,Yes,No,Own,1,4,Incompleted,10-03-2013,10-03-2013
386,Thoothukkudi,Kovilpatti,GANDHI NAGAR MUNICIPAL PRIMARY SCHOOL,33280804013,Primary School,Tamil,628502,Yes,Yes,1967,135,2,6,6,6,0,5200,4000,1200,No,No,No,Yes,Yes,No,Corporation,1,71,Incompleted,10-03-2013,10-03-2013
387,Thoothukkudi,Kovilpatti,MUNICIPAL PRIMARY SCHOOL,33280804701,Primary School,Tamil,628501,Yes,Yes,1967,22,0,2,2,2,0,3450,1450,2000,No,No,No,Yes,Yes,Yes,Corporation,1,1,Incompleted,10-03-2013,10-03-2013
388,Thoothukkudi,Kovilpatti,MUNICIPAL MIDDLE SCHOOL,33280804801,Primary School,Tamil,628501,Yes,Yes,1967,75,1,5,5,75,0,8736,6006,1000,No,No,No,Yes,No,No,Corporation,10,1,Incompleted,10-03-2013,10-03-2013
389,Thoothukkudi,Kovilpatti,MUNICIPAL PRIMARY SCHOOL,33280806101,Primary School,Tamil,628501,No,No,1967,74,0,4,4,4,0,2754,1274,480,No,No,No,Yes,Yes,No,Corporation,2,0,Incompleted,10-03-2013,10-03-2013
390,Thoothukkudi,Kovilpatti,MUNICIPAL PRIMARY SCHOOL,33280806601,Primary School,Tamil,628501,No,No,1967,135,2,5,5,0,0,21220,13055,8165,Yes,No,Yes,Yes,Yes,No,Corporation,1,0,Incompleted,10-03-2013,10-03-2013
391,Tirunelveli,Kalappakulam,MUNICIPAL PRIMARY SCHOOL INDIANAGAR,33291501401,Primary School,Tamil,627756,No,No,1967,25,1,2,5,1,0,5060,2475,0,No,No,No,Yes,No,Yes,Corporation,2,0,Incompleted,10-03-2013,10-03-2013
392,Tirunelveli,Kalappakulam,MUNICIPAL MIDDLE SCHOOL SANKARANKOVIL,33291501402,Primary School,Tamil,627756,Yes,Yes,1941,301,5,9,10,320,1,10910,6012,4898,Yes,Yes,Yes,Yes,Yes,Yes,Corporation,7,0,Incompleted,10-03-2013,10-03-2013
393,Tirunelveli,Kalappakulam,MUNICPAL PRIMARY SCHOOL PATTATHUR,33291501403,Primary School,Tamil,627756,Yes,Yes,1967,37,0,2,2,1,1,2880,1750,1130,Yes,Yes,Yes,No,No,Yes,No,1,0,Incompleted,10-03-2013,10-03-2013
394,Tirunelveli,Kalappakulam,MUNICIPAL MIDDLE SCHOOL SANKARANKOVIL,33291501414,Primary School,Tamil,627756,Yes,No,1967,65,0,4,8,120,0,0,1420,2073.75,No,No,No,Yes,Yes,Yes,Corporation,5,0,Incompleted,10-03-2013,10-03-2013
395,Tirunelveli,Kalappakulam,MUNICIPAL MIDDLE SCHOOL EAST,33291501416,Primary School,Tamil,627756,No,No,1967,394,8,12,8,200,1,18262,1393,16869,No,No,Yes,Yes,Yes,Yes,Corporation,0,0,Incompleted,10-03-2013,10-03-2013
396,Tirunelveli,Kalappakulam,MUNICIPAL MIDDLE SCHOOL SANKARANKOVIL,33291501417,Primary School,Tamil,627756,Yes,Yes,1967,112,4,6,5,12,0,3873,2490,1383,No,No,No,Yes,Yes,Yes,Own,0,0,Incompleted,10-03-2013,10-03-2013
397,Tirunelveli,Tenkasi,MUNICIPAL PRIMARY SCHOOL WARD ONE,33291702101,Primary School,Tamil,627811,No,Yes,1967,29,1,2,1,30,0,1000,1000,0,No,No,No,Yes,Yes,Yes,Own,0,1,Incompleted,10-03-2013,10-03-2013
398,Tirunelveli,Tenkasi,MUNICIPAL MIDDLE SCHOOL WARD NO NINE,33291702102,Primary School,Tamil,627811,Yes,No,1967,216,0,8,8,250,0,2110,2110,0,No,No,No,Yes,Yes,No,Own,0,3,Incompleted,10-03-2013,10-03-2013
399,Tirunelveli,Tenkasi,MUNICIPAL MIDDLE SCHOOL WARD THIRTEEN,33291702103,Primary School,Tamil,627811,No,No,1967,127,1,8,8,5,0,1100,1100,0,No,No,No,No,Yes,Yes,Corporation,0,1,Incompleted,10-03-2013,10-03-2013
400,Tirunelveli,Tenkasi,MUNICIPAL MIDDLE SCHOOL WARD SEVEN,33291702104,Primary School,Tamil,627811,Yes,Yes,1967,57,4,6,5,57,3,1260,1034,126,Yes,No,Yes,Yes,Yes,No,Own,0,1,Incompleted,10-03-2013,10-03-2013
401,Krishanagiri,Krishnagiri,MUNICIPAL MIDDLE SCHOOL,33311009502,Primary School,Tamil,635001,No,No,1967,302,3,10,11,302,0,2658,1708,950,Yes,No,Yes,Yes,Yes,Yes,Own,0,2,Incompleted,10-03-2013,10-03-2013
402,Krishanagiri,Krishnagiri,MUNICIPAL URDU MIDDLE SCHOOL,33311009503,Primary School,Tamil,635001,Yes,Yes,1967,94,1,4,2,80,0,1880,1880,0,Yes,No,No,Yes,Yes,No,Own,0,0,Incompleted,10-03-2013,10-03-2013
403,Krishanagiri,Krishnagiri,MINICIPAL URDU BOYS MIDDLE SCHOOL,33311009504,Primary School,Tamil,635001,Yes,Yes,1967,152,1,7,6,130,0,3900,1475,3900,No,No,No,No,Yes,Yes,Own,1,0,Incompleted,10-03-2013,10-03-2013
404,Krishanagiri,Krishnagiri,MUNICIPAL MIDDLE SCHOOL OLD PET,33311009505,Secondary School,Tamil,635001,No,No,1967,351,11,12,19,351,0,12384,11844,540,No,No,Yes,Yes,No,No,Own,4,2,Incompleted,10-03-2013,10-03-2013
405,Krishanagiri,Krishnagiri,MUNICIPALITY PRIMARY SCHOOL,33311009509,Primary School,Tamil,635001,No,No,1967,65,0,2,3,150,4,40,5,25,Yes,No,No,No,Yes,No,Own,1,2,Incompleted,10-03-2013,10-03-2013
406,Krishanagiri,Krishnagiri,MUNICIPAL PRIMARY SCHOOL,33311009510,Primary School,Tamil,635001,No,No,1967,155,0,6,6,0,2,775,396,775,No,No,No,No,Yes,Yes,Own,3,1,Incompleted,10-03-2013,10-03-2013
407,Krishanagiri,Krishnagiri,MUNICIPAL URDU GIRLS MIDDLE SCHOOL,33311009512,Primary School,Tamil,635001,No,No,1967,176,1760,7,9,240,0,10000,7500,10000,No,No,No,No,No,Yes,Own,1,3,Incompleted,10-03-2013,10-03-2013
408,Krishanagiri,Krishnagiri,MUNICIPAL MIDDLE SCHOOL SUB JAIL ROAD,33311009513,Secondary School,Tamil,635001,Yes,Yes,1967,209,0,12,10,209,0,12176,8026,3850,Yes,No,Yes,Yes,Yes,No,Own,1,2,Incompleted,10-03-2013,10-03-2013
409,Krishanagiri,Krishnagiri,MUNICIPAL MIDDLE SCHOOL,33311009514,Primary School,Tamil,635001,No,No,,325,4,13,16,180,1,10000,8000,2000,Yes,No,Yes,No,Yes,No,Own,0,1,Incompleted,10-03-2013,10-03-2013
410,Krishanagiri,Krishnagiri,MUNICIPAL URDU PRIMARY SCHOOL,33311009542,Primary School,Tamil,635001,No,No,,40,2,3,2,20,0,750,750,750,No,Yes,No,Yes,Yes,Yes,Own,1,0,Incompleted,10-03-2013,10-03-2013
412,Sivaganga,Karaikudi (Municipal Urban),"MPL.PRI SCHOOL, NAGANADAPURAM",33230801110,Primary Only,Tamil,630001,Yes,No,,37,2,2,3,37,0,4897,1344,4897,No,No,Yes,Yes,Yes,Yes,Borewell,1,1,Completed,10-11-2013,10-11-2013
413,Thoothukkudi,Thoothukudi,"S.V.MUNICIPAL PS, WGC ROAD",33280105301,Primary Only,Tamil,628001,Yes,Yes,,33,2,2,3,60,0,260,194,65,No,No,Yes,Yes,Yes,No,Tank,0,1,Completed,10/18/2013,10/18/2013
414,Thoothukkudi,Thoothukudi,"MUNICIPAL MS, MELUR",33280102801,Primary With Upper Primary,Tamil,628002,No,Yes,,49,3,4,4,50,3,2000,1700,300,No,No,No,Yes,Yes,Yes,Tank,3,1,Completed,10/18/2013,10/18/2013
415,Coimbatore,Coimbatore,CPS SINGANALLUR WEST,33120500404,Primary Only,Tamil,641005,Yes,Yes,,105,1,4,4,200,0,2500,2500,0,No,No,No,Yes,No,No,Corporation,0,1,Completed,10/21/2013,10/21/2013
416,Thoothukkudi,Thoothukudi,"MUNICIPAL MS, SHUNMUGAPURAM",33280103301,Primary With Upper Primary,Tamil,628003,No,No,,119,0,5,5,200,0,4400,7532,2217,No,No,Yes,Yes,Yes,No,Stump,1,2,Completed,10/23/2013,10/23/2013
417,Thoothukkudi,Thoothukudi,"MUNICIPAL MS, GIN FACTORRY",33280103101,Primary With Upper Primary,Tamil,628002,Yes,Yes,,37,2,3,3,60,0,2356,1596,1760,No,No,Yes,Yes,Yes,No,Tank,1,1,Completed,10/23/2013,10/23/2013
418,Thoothukkudi,Thoothukudi,"MUNICIPAL MID S.,NPK STREET",33280102501,Primary With Upper Primary,Tamil,628001,Yes,Yes,,91,6,5,5,48,0,11387,11050,337,Yes,No,Yes,Yes,Yes,Yes,Tank,1,3,Completed,10/24/2013,10/24/2013
419,Thoothukkudi,Thoothukudi,"MPS, SAMUVELPURAM",33280100117,Primary Only,Tamil,628001,Yes,Yes,,284,0,9,8,300,0,2834,2500,2834,No,No,No,Yes,Yes,No,Well,1,1,Completed,10/24/2013,10/24/2013
420,Thoothukkudi,Thoothukudi,"MUNICIPAL PS, TOOVEPURAM",33280104001,Primary Only,Tamil,628003,No,No,,24,1,2,2,30,0,1100,900,200,No,No,Yes,Yes,Yes,No,Well,0,1,Completed,10/25/2013,10/25/2013
421,Coimbatore,Coimbatore,CPS OKKILIYAR COLONY,33120102901,Primary Only,Tamil,641001,No,Yes,,193,1,5,15,400,0,31640,6475,7140,No,No,Yes,Yes,No,No,Corporation,0,2,Completed,10/29/2013,10/29/2013
422,Coimbatore,Coimbatore,PVP MEMORIAL CORP PRY SC. EAST,33120100402,Primary Only,Tamil,641002,Yes,Yes,,137,2,4,5,150,0,10323,10123,200,No,No,Yes,Yes,Yes,Yes,Corporation,1,2,Completed,11-11-2013,11-11-2013
423,Coimbatore,Coimbatore,CPS VELANDIPALAYAM,33120401001,Primary Only,Tamil,641013,No,No,,202,2,6,9,400,0,8624,5038,4586,No,No,No,No,No,No,Corporation,0,2,Completed,11/13/2013,11/13/2013
424,Coimbatore,Mettupalayam,MMS MANI NAGAR,33121702012,Primary With Upper Primary,Tamil,641301,No,No,,213,2,7,12,280,2,64000,50000,14000,Yes,No,Yes,Yes,Yes,Yes,Tank,1,1,Completed,11/14/2013,11/14/2013
425,Coimbatore,Mettupalayam,MPS KATTUR,33121702001,Primary Only,Tamil,641301,No,No,,19,2,4,2,50,0,5000,3000,2000,Yes,No,Yes,Yes,Yes,Yes,Tank,2,1,Completed,11/14/2013,11/14/2013
426,Coimbatore,Mettupalayam,MPS SATHYA MOORTHY NAGAR,33121702003,Primary Only,Tamil,641301,No,No,,78,5,2,7,100,0,24400,3560,0,No,No,Yes,Yes,Yes,Yes,Tank,0,1,Completed,11/14/2013,11/14/2013
427,Coimbatore,Coimbatore,CPS SELVAPURAM MAIN,33120103602,Primary Only,Tamil,641026,Yes,Yes,,234,2,6,12,300,0,12410,6300,5310,No,No,Yes,Yes,No,No,Corporation,0,4,Completed,11/16/2013,11/16/2013
428,Coimbatore,Coimbatore,CPS SINGANALLUR SOUTH,33120500403,Primary Only,Tamil,641005,No,Yes,,73,0,3,2,100,0,2254,2254,0,No,No,No,Yes,No,No,Corporation,1,1,Completed,11/17/2013,11/17/2013
429,Coimbatore,Coimbatore,CMS RAMAKRISHNAPURAM,33120401601,Primary With Upper Primary,Tamil,641006,Yes,Yes,,179,4,6,6,300,0,2470,723,1747,No,No,No,Yes,Yes,No,Corporation,0,4,Completed,11/18/2013,11/18/2013
430,Coimbatore,Coimbatore,CHSS SRP AMMANIAMMAL RSPURAM,33120100404,Higher Sec. Schools(Vi-Xii),Tamil,641002,Yes,Yes,,1119,0,29,25,2,1,85000,25000,85000,Yes,Yes,Yes,Yes,Yes,Yes,Corporation,1,25,Completed,11/18/2013,11/18/2013
431,Coimbatore,Coimbatore,CMS NEELIKONAMPALAYAM,33120500415,Primary With Upper Primary,Tamil,641033,No,Yes,,137,5,7,8,400,0,5940,5040,900,No,No,Yes,Yes,No,No,Corporation,2,4,Completed,11/18/2013,11/18/2013
432,Coimbatore,Coimbatore,CPS RSPURAM NORTH,33120100401,Primary Only,Tamil,641002,Yes,Yes,,33,2,2,12,360,0,21946,3617,18329,No,No,No,Yes,Yes,No,Corporation,0,1,Completed,11/18/2013,11/18/2013
433,Coimbatore,Coimbatore,CMS UPPILIPALAYAM,33120500102,Primary With Upper Primary,Tamil,641015,No,No,,76,2,5,10,100,0,5963,3110,1113,No,No,No,Yes,Yes,No,Corporation,1,2,Completed,11/18/2013,11/18/2013
434,Coimbatore,Coimbatore,CPS BB STREET,33120103001,Primary Only,Tamil,641001,Yes,Yes,,35,13,2,3,100,0,3600,2813,787,No,No,No,Yes,Yes,No,Corporation,0,2,Completed,11/19/2013,11/19/2013
435,Coimbatore,Coimbatore,CPS MANIAKARAMPALAYAM,33120401602,Primary Only,Tamil,641006,Yes,Yes,,226,0,5,9,270,0,4500,2500,2000,No,No,No,Yes,Yes,No,Corporation,0,6,Completed,11/19/2013,11/19/2013
436,Coimbatore,Coimbatore,CPS RAMALINGAM COLONY,33120100103,Primary Only,Tamil,641043,No,Yes,,32,4,2,15,300,0,30989,10540,20449,No,No,No,Yes,No,No,Corporation,0,5,Completed,11/19/2013,11/19/2013
437,Coimbatore,Coimbatore,CPS MUTHUSAMY COLONY,33120400601,Primary Only,Tamil,641026,Yes,No,,80,4,3,5,150,0,7596,2646,4190,No,No,No,Yes,No,No,Corporation,2,1,Completed,11/19/2013,11/19/2013
438,Coimbatore,Coimbatore,CPS GANAPATHY,33120401501,Primary Only,Tamil,641006,Yes,Yes,,568,4,13,20,600,0,15000,9600,5400,No,No,Yes,Yes,No,No,Corporation,2,6,Completed,11/19/2013,11/19/2013
439,Coimbatore,Coimbatore,CPS SARAMEDU,33120500409,Primary Only,Tamil,641008,No,Yes,,81,2,3,3,100,0,1032,815,217,No,No,No,Yes,Yes,No,Corporation,0,1,Completed,11/20/2013,11/20/2013
440,Coimbatore,Coimbatore,CGHSS OPPANAKARA STREET,33120102310,Higher Sec. Schools,English,641001,Yes,Yes,,1460,0,39,30,1500,1,32000,22500,9500,No,No,Yes,Yes,Yes,Yes,Corporation,1,20,Completed,11/20/2013,11/20/2013
441,Coimbatore,Coimbatore,CHSS OKKILIYAR COLONY,33120102903,Higher Sec. Schools,Tamil,641001,No,No,,497,1,19,19,700,1,130800,11110,119690,No,Yes,No,Yes,No,No,Corporation,1,3,Completed,11/20/2013,11/20/2013
442,Coimbatore,Coimbatore,CPS NESAVALAR COLONY,33120500443,Primary Only,Tamil,641016,No,Yes,,137,1,6,10,500,1,13080,6540,6000,No,No,Yes,Yes,No,Yes,Corporation,1,2,Completed,11/20/2013,11/20/2013
443,Coimbatore,Coimbatore,CPS VARADHARAJAPURAM,33120500105,Primary Only,Tamil,641015,No,Yes,,112,1,5,4,140,0,143341,2670,89590,No,No,Yes,Yes,No,No,Corporation,1,2,Completed,11/20/2013,11/20/2013
444,Coimbatore,Coimbatore,CPS ONDIPUDUR SOUTH,33120500410,Primary Only,Tamil,641016,Yes,Yes,,203,1,6,7,400,0,15428,7040,8388,No,No,No,Yes,No,No,Corporation,0,3,Completed,11/20/2013,11/20/2013
445,Coimbatore,Coimbatore,CPS SELVAPURAM NORTH,33120103601,Primary Only,Tamil,641026,Yes,Yes,,373,4,9,10,400,0,31322,3500,20680,No,No,No,Yes,No,No,Corporation,1,3,Completed,11/21/2013,11/21/2013
446,Coimbatore,Coimbatore,VERIVADA CHETTIAR PRY SCHOOL,33120100901,Primary Only,Tamil,641045,Yes,Yes,,55,3,2,12,200,0,18900,10815,8500,No,No,No,Yes,No,No,Corporation,1,3,Completed,11/21/2013,11/21/2013
447,Coimbatore,Mettupalayam,VALLUVAR M.E.S. METTUPALAYAM,33121702008,Primary Only,Tamil,641301,No,No,,68,1,4,3,100,2,12528,6333,6195,Yes,No,Yes,Yes,Yes,Yes,Tank,1,1,Completed,11/21/2013,11/21/2013
448,Coimbatore,Mettupalayam,"NEHRUJI ELE SCHOOL, MTO",33121702007,Primary Only,Tamil,641301,No,No,,35,1,2,6,200,2,3000,1500,1500,Yes,No,Yes,Yes,Yes,Yes,Tank,0,1,Completed,11/21/2013,11/21/2013
449,Coimbatore,Mettupalayam,VOC E.S. METTUPALAYAM,33121702005,Primary Only,Tamil,641301,No,No,,20,0,2,2,50,0,200,150,50,Yes,No,No,Yes,Yes,Yes,Tank,0,1,Completed,11/21/2013,11/21/2013
450,Coimbatore,Mettupalayam,NETHAJI EI S.M.T.P.,33121702006,Primary Only,Tamil,641301,No,No,,80,2,3,4,80,2,7640,2880,2880,No,No,Yes,Yes,Yes,Yes,Tank,0,1,Completed,11/21/2013,11/21/2013
451,Thoothukkudi,Thoothukudi,"MUNICIPAL HS, SAMUVELPURAM",33280101201,High Schools,Tamil,628001,Yes,No,,295,0,19,3,0,0,2834,2500,334,No,No,No,Yes,Yes,No,Tanks,0,1,Completed,11/21/2013,11/21/2013
452,Coimbatore,Mettupalayam,MPS ANNA NAGAR,33121702002,Primary Only,Tamil,641301,No,No,,25,2,3,5,80,2,3000,1500,1000,Yes,No,No,Yes,Yes,Yes,Tank,1,1,Completed,11/21/2013,11/21/2013
453,Coimbatore,Mettupalayam,MES ANNUR ROAD,33121702022,Primary Only,Tamil,641301,Yes,Yes,,57,3,2,2,100,1,3000,2000,1000,No,No,Yes,Yes,Yes,Yes,Municipality,1,1,Completed,11/22/2013,11/22/2013
454,Coimbatore,Mettupalayam,MMS SANKAR NAGAR,33121702011,Primary With Upper Primary,Tamil,641301,Yes,No,,318,7,14,12,300,2,7848,4398,100,No,No,Yes,Yes,Yes,Yes,Tank,1,1,Completed,11/22/2013,11/22/2013
455,Coimbatore,Coimbatore,CMS SIHS COLONY,33120500412,Primary With Upper Primary,Tamil,641014,No,Yes,,211,3,7,8,300,0,33970,12470,21070,No,No,Yes,Yes,No,No,Corporation,1,2,Completed,11/22/2013,11/22/2013
456,Coimbatore,Coimbatore,CORP BHSS SIDHAPUDUR,33120101703,Higher Sec. Schools,Tamil,641044,No,No,,731,0,25,23,731,2,73425,31996,41429,No,No,Yes,Yes,No,No,Corporation,6,6,Completed,11/22/2013,11/22/2013
457,Thiruppur,Udumalpet,MMS NELLU KADAI STREET,33121302715,Primary With Upper Primary,Tamil,642126,Yes,Yes,,116,0,5,7,116,0,3400,3000,0,No,No,Yes,Yes,Yes,Yes,Municipality,1,1,Completed,11/25/2013,11/25/2013
